X,Y,Z,BHID,LENGTH,A0,B0,C0,FROM,TO,Zn,Ag,Pb,RADIUS
1697.682161,4963.496673,2176.795399,DDH-001,1.08,295.2716691,-24.22983548,0,89.42,90.5,20.849644,7.812,6.532,1
1697.00184,4963.817848,2177.133977,DDH-001,0.57,295.2716691,-24.22983548,0,90.5,91.07,15.211116,1.944,0.604,1
1696.354504,4964.12345,2177.45614,DDH-001,1,295.2716691,-24.22983548,0,91.07,92.07,7.68,1.648,0.368,1
1721.974638,4977.96565,2176.21504,DDH-002,1.16,314.028978,-27.55228615,0,77.86,79.02,19.700496,1.716,2.748,1
1721.55711,4978.36926,2176.518015,DDH-002,0.15,314.028978,-27.55228615,0,79.02,79.17,2.16,0.068,0.024,1
1721.311693,4978.606497,2176.6961,DDH-002,0.62,314.028978,-27.55228615,0,79.17,79.79,4.98,0.22,0.448,1
1720.846356,4979.056322,2177.033767,DDH-002,0.84,314.028978,-27.55228615,0,79.79,80.63,0.84,0.084,0.108,1
1720.342773,4979.54312,2177.399188,DDH-002,0.74,314.028978,-27.55228615,0,80.63,81.37,12.93013333,0.624,0.464,1
1719.845564,4980.023755,2177.759983,DDH-002,0.82,314.028978,-27.55228615,0,81.37,82.19,3.06,1.712,0.224,1
1719.494968,4980.362664,2178.01439,DDH-002,0.28,314.028978,-27.55228615,0,82.19,82.47,11.2412,1.624,0.944,1
1726.201645,4973.187716,2115.196641,DDH-003,0.84,313.5634163,20.2517328,0,66.55,67.39,0.48,0.104,0.028,1
1725.732571,4973.633839,2114.9578,DDH-003,0.54,313.5634163,20.2517328,0,67.39,67.93,0.42,0.052,0.032,1
1755.299518,4982.116895,2114.893743,DDH-004,1,323.7852988,29.48387876,0,46.39,47.39,13.00333333,1.172,1.472,1
1754.785219,4982.819217,2114.401564,DDH-004,1,323.7852988,29.48387876,0,47.39,48.39,14.07,0.312,0.416,1
1754.191204,4983.630399,2113.833098,DDH-004,1.31,323.7852988,29.48387876,0,48.39,49.7,8.7,0.144,0.208,1
1753.545758,4984.511814,2113.215414,DDH-004,1.2,323.7852988,29.48387876,0,49.7,50.9,1.86,0.112,0.116,1
1753.108604,4985.108788,2112.797062,DDH-004,0.5,323.7852988,29.48387876,0,50.9,51.4,0.66,0.092,0.072,1
1752.869455,4985.435368,2112.568199,DDH-004,0.43,323.7852988,29.48387876,0,51.4,51.83,17.333164,0.884,0.672,1
1752.519732,4985.912947,2112.233518,DDH-004,0.93,323.7852988,29.48387876,0,51.83,52.76,7.8,0.264,0.288,1
1752.154579,4986.411596,2111.884071,DDH-004,0.49,323.7852988,29.48387876,0,52.76,53.25,10.925184,0.704,1.064,1
1751.797142,4986.89971,2111.542007,DDH-004,0.9,323.7852988,29.48387876,0,53.25,54.15,1.62,0.256,0.396,1
1751.24427,4987.654706,2111.012914,DDH-004,1.25,323.7852988,29.48387876,0,54.15,55.4,14.0608,0.62,1.2,1
1789.78419,5015.708912,2178.760182,DDH-005,1.01,11.4676269,-24.1841931,0,94.95,95.96,3.48,0.34,0.428,1
1789.942884,5016.491182,2179.118644,DDH-005,0.74,11.4676269,-24.1841931,0,95.96,96.7,20.277036,1.664,2.6,1
1790.09251,5017.22875,2179.456623,DDH-005,0.91,11.4676269,-24.1841931,0,96.7,97.61,13.44853333,0.484,0.764,1
1869.965292,5068.411129,2229.918964,DDH-006,1,342.9169131,-21.15717182,0,73.85,74.85,22.38059488,0.985692,0.413356,1
1869.670788,5069.369435,2230.306962,DDH-006,1.15,342.9169131,-21.15717182,0,74.85,76,20.14668004,0.678572,0.31746,1
1869.376284,5070.327741,2230.694959,DDH-006,1,342.9169131,-21.15717182,0,76,77,24.82833923,0.637876,0.384312,1
1869.102327,5071.219189,2231.055886,DDH-006,1,342.9169131,-21.15717182,0,77,78,22.68367152,0.742948,0.437028,1
1868.82837,5072.110636,2231.416814,DDH-006,1,342.9169131,-21.15717182,0,78,79,14.6847815,2.939548,2.216516,1
1868.554413,5073.002084,2231.777741,DDH-006,1,342.9169131,-21.15717182,0,79,80,18.84345294,16.63522,6.136008,1
1868.280456,5073.893532,2232.138669,DDH-006,1,342.9169131,-21.15717182,0,80,81,19.27816523,2.11976,1.56088,1
1868.054442,5074.628976,2232.436434,DDH-006,0.65,342.9169131,-21.15717182,0,81,81.65,10.14681094,3.39976,2.307692,1
1867.869521,5075.230703,2232.68006,DDH-006,0.7,342.9169131,-21.15717182,0,81.65,82.35,13.41528338,0.652348,0.986476,1
1900.157584,5089.686878,2235.024821,DDH-007,0.4,5.4923246,-19.98668831,0,94.05,94.45,11.04078,0.914128,0.585676,1
1900.207056,5090.20138,2235.212812,DDH-007,0.7,5.4923246,-19.98668831,0,94.45,95.15,5.1948,8.12672,0.275484,1
1900.265522,5090.809427,2235.434983,DDH-007,0.6,5.4923246,-19.98668831,0,95.15,95.75,4.40652,0.996428,0.158792,1
1930.82201,5097.729639,2236.401078,DDH-008,0.8,22.1635526,-17.88967662,0,108.85,109.65,8.8059,2.108628,0.339456,1
1931.154095,5098.544872,2236.685225,DDH-008,1.05,22.1635526,-17.88967662,0,109.65,110.7,13.84138805,5.481568,1.847008,1
1931.504132,5099.404172,2236.98473,DDH-008,0.9,22.1635526,-17.88967662,0,110.7,111.6,1.58634,0.352528,0.10184,1
1931.719538,5099.932972,2237.169041,DDH-008,0.3,22.1635526,-17.88967662,0,111.6,111.9,10.94676,1.00986,0.34714,1
1931.952896,5100.505838,2237.368712,DDH-008,1,22.1635526,-17.88967662,0,111.9,112.9,5.08374,2.519936,0.538276,1
1921.163018,5068.2332,2166.673058,DDH-009,0.3,23.8410531,25.69898192,0,80.7,81,3.5301,0.119664,0.043876,1
1921.463498,5068.913161,2166.315302,DDH-009,1.35,23.8410531,25.69898192,0,81,82.35,18.96233528,1.738608,0.259792,1
1921.763979,5069.593123,2165.957546,DDH-009,0.3,23.8410531,25.69898192,0,82.35,82.65,19.59292223,1.92124,0.1432,1
1865.953488,5047.395577,2213.578668,DDH-010,0.64,330.6899929,-11.5005823,0,53.42,54.06,14.0625,0.380952,0.027776,1
1865.620092,5047.989438,2213.717236,DDH-010,0.75,330.6899929,-11.5005823,0,54.06,54.81,27.04841982,1.233584,0.22682,1
1865.322675,5048.519214,2213.84085,DDH-010,0.49,330.6899929,-11.5005823,0,54.81,55.3,28.06106791,1.80528,1.056364,1
1864.984482,5049.12162,2213.981411,DDH-010,0.92,330.6899929,-11.5005823,0,55.3,56.22,28.91630762,0.855892,0.203024,1
1864.612709,5049.783839,2214.135929,DDH-010,0.63,330.6899929,-11.5005823,0,56.22,56.85,24.26172117,0.397772,0.099444,1
1864.293705,5050.352066,2214.268516,DDH-010,0.7,330.6899929,-11.5005823,0,56.85,57.55,27.05553726,0.485476,0.198964,1
1863.885954,5051.078372,2214.437987,DDH-010,1,330.6899929,-11.5005823,0,57.55,58.55,27.74284444,0.762172,0.422984,1
1863.406248,5051.932848,2214.637365,DDH-010,1,330.6899929,-11.5005823,0,58.55,59.55,26.2188275,0.961308,0.606304,1
1863.051266,5052.565161,2214.784904,DDH-010,0.48,330.6899929,-11.5005823,0,59.55,60.03,22.20265654,0.724524,0.481688,1
1862.821007,5052.97531,2214.880606,DDH-010,0.48,330.6899929,-11.5005823,0,60.03,60.51,14.93808665,0.450592,0.411068,1
1862.540379,5053.475179,2214.997242,DDH-010,0.69,330.6899929,-11.5005823,0,60.51,61.2,0.71658,0.071656,0.019904,1
1862.135027,5054.197212,2215.165716,DDH-010,1,330.6899929,-11.5005823,0,61.2,62.2,23.93887126,0.9048,0.755312,1
1861.693697,5054.98333,2215.349144,DDH-010,0.84,330.6899929,-11.5005823,0,62.2,63.04,26.99401794,0.47506,0.20586,1
1861.237976,5055.795083,2215.538553,DDH-010,1.06,330.6899929,-11.5005823,0,63.04,64.1,26.53609288,0.61704,0.330416,1
1860.743879,5056.675194,2215.743912,DDH-010,1,330.6899929,-11.5005823,0,64.1,65.1,19.36473828,2.430168,1.679968,1
1860.264173,5057.529671,2215.94329,DDH-010,1,330.6899929,-11.5005823,0,65.1,66.1,29.46907784,0.974156,0.465208,1
1859.880408,5058.213252,2216.102792,DDH-010,0.6,330.6899929,-11.5005823,0,66.1,66.7,28.11457893,0.789788,0.195452,1
1859.616569,5058.683214,2216.21245,DDH-010,0.5,330.6899929,-11.5005823,0,66.7,67.2,20.69773423,2.973296,2.212036,1
1859.30476,5059.238624,2216.342046,DDH-010,0.8,330.6899929,-11.5005823,0,67.2,68,15.60624466,7.975388,4.406512,1
1858.873025,5060.007653,2216.521486,DDH-010,1,330.6899929,-11.5005823,0,68,69,16.78956903,8.113356,4.712644,1
1858.513245,5060.648511,2216.671019,DDH-010,0.5,330.6899929,-11.5005823,0,69,69.5,15.05620408,9.224932,5.029964,1
1858.201436,5061.20392,2216.800615,DDH-010,0.8,330.6899929,-11.5005823,0,69.5,70.3,10.79784259,7.37718,3.779716,1
1887.859781,5067.789531,2217.799207,DDH-011,0.95,356.7932542,-12.78266833,0,67.5,68.45,16.85851352,1.570928,1.56702,1
1887.806593,5068.738879,2218.01493,DDH-011,1,356.7932542,-12.78266833,0,68.45,69.45,16.33317576,2.985368,2.46738,1
1887.753404,5069.688226,2218.230652,DDH-011,0.95,356.7932542,-12.78266833,0,69.45,70.4,17.32969915,1.19492,0.809844,1
1887.700215,5070.637573,2218.446374,DDH-011,1,356.7932542,-12.78266833,0,70.4,71.4,14.75001525,3.23764,2.86284,1
1887.655209,5071.440866,2218.628908,DDH-011,0.65,356.7932542,-12.78266833,0,71.4,72.05,22.33707601,1.468504,1.625984,1
1887.627933,5071.927711,2218.739535,DDH-011,0.35,356.7932542,-12.78266833,0,72.05,72.4,0.83034,4.89126,0.086992,1
1914.575536,5082.601525,2218.768159,DDH-012,0.4,15.7976315,-10.682306,0,85.6,86,0.65502,1.675268,0.035728,1
1914.675857,5082.956107,2218.83767,DDH-012,0.35,15.7976315,-10.682306,0,86,86.35,2.14116,12.430612,0.055512,1
1914.856435,5083.594356,2218.96279,DDH-012,1,15.7976315,-10.682306,0,86.35,87.35,0.47868,0.227364,0.031912,1
1915.057077,5084.303522,2219.101813,DDH-012,0.5,15.7976315,-10.682306,0,87.35,87.85,4.77324,8.770884,0.119332,1
1915.21759,5084.870854,2219.21303,DDH-012,0.7,15.7976315,-10.682306,0,87.85,88.55,5.69844,9.810052,0.166204,1
1874.211716,5038.93948,2178.727483,DDH-013,1,335.1891314,29.35666933,0,46.15,47.15,11.79488233,4.015512,1.669848,1
1873.845977,5039.730616,2178.237238,DDH-013,1,335.1891314,29.35666933,0,47.15,48.15,12.57358825,25.014776,12.115016,1
1873.544243,5040.383303,2177.832786,DDH-013,0.65,335.1891314,29.35666933,0,48.15,48.8,13.66354076,24.667188,13.421196,1
1873.242509,5041.03599,2177.428334,DDH-013,1,335.1891314,29.35666933,0,48.8,49.8,18.4451959,2.371036,1.111544,1
1872.876771,5041.827126,2176.938089,DDH-013,1,335.1891314,29.35666933,0,49.8,50.8,24.15866009,2.043104,0.67594,1
1872.511033,5042.618261,2176.447845,DDH-013,1,335.1891314,29.35666933,0,50.8,51.8,21.00730557,2.613484,1.084672,1
1872.145295,5043.409397,2175.9576,DDH-013,1,335.1891314,29.35666933,0,51.8,52.8,13.30037687,3.668124,1.968564,1
1871.889278,5043.963192,2175.614428,DDH-013,0.4,335.1891314,29.35666933,0,52.8,53.2,13.86727133,0.670644,0.86436,1
1871.752127,5044.259868,2175.430587,DDH-013,0.35,335.1891314,29.35666933,0,53.2,53.55,8.47722,0.247524,0.433268,1
1871.541827,5044.714771,2175.148696,DDH-013,0.8,335.1891314,29.35666933,0,53.55,54.35,13.85426405,0.881772,1.468168,1
1909.118243,5068.26304,2184.207422,DDH-014,0.75,14.6499042,14.46667445,0,71,71.75,5.12922,0.115308,0.095428,1
1909.301913,5068.96565,2184.02006,DDH-014,0.75,14.6499042,14.46667445,0,71.75,72.5,13.75850504,1.106284,1.884632,1
1909.491705,5069.69168,2183.826452,DDH-014,0.8,14.6499042,14.46667445,0,72.5,73.3,4.11366,0.202704,0.313992,1
1909.681497,5070.417711,2183.632844,DDH-014,0.75,14.6499042,14.46667445,0,73.3,74.05,14.05823488,0.483996,0.7338,1
1909.840678,5071.026639,2183.470463,DDH-014,0.55,14.6499042,14.46667445,0,74.05,74.6,0.05976,0.07174,0.007972,1
1932.536733,5078.427325,2185.731622,DDH-015,0.55,28.0305378,10.59391182,0,88.05,88.6,5.27346,0.421876,0.710936,1
1932.802344,5078.926225,2185.62591,DDH-015,0.6,28.0305378,10.59391182,0,88.6,89.2,2.98596,0.214676,0.288836,1
1933.1026,5079.490198,2185.50641,DDH-015,0.7,28.0305378,10.59391182,0,89.2,89.9,4.47138,0.246424,0.294116,1
1933.425952,5080.097555,2185.377717,DDH-015,0.7,28.0305378,10.59391182,0,89.9,90.6,12.54839968,1.579156,2.455588,1
1905.074838,5053.060223,2152.77551,DDH-016,0.85,14.5985561,42.73243048,0,72.03,72.88,2.02062,0.356576,0.095088,1
1905.243311,5053.707066,2152.158006,DDH-016,0.97,14.5985561,42.73243048,0,72.88,73.85,8.37624,5.821784,0.487128,1
1905.360872,5054.158435,2151.72711,DDH-016,0.3,14.5985561,42.73243048,0,73.85,74.15,3.6483,3.090112,0.147528,1
1905.416412,5054.37168,2151.523538,DDH-016,0.3,14.5985561,42.73243048,0,74.15,74.45,1.25346,0.839632,0.075608,1
1886.107079,5040.719618,2158.682045,DDH-017,0.35,352.3039483,47.67770023,0,57.75,58.1,14.80601175,1.242508,1.753896,1
1886.073266,5040.969831,2158.404782,DDH-017,0.4,352.3039483,47.67770023,0,58.1,58.5,12.85432852,0.48188,0.51374,1
1886.025928,5041.32013,2158.016613,DDH-017,0.65,352.3039483,47.67770023,0,58.5,59.15,10.97769948,1.35092,2.390088,1
1885.962812,5041.787195,2157.499054,DDH-017,0.75,352.3039483,47.67770023,0,59.15,59.9,2.517,0.163804,0.227728,1
1830.049902,5041.599098,2217.286592,DDH-018,0.7,305.2986039,-11.95396392,0,69.2,69.9,13.60138041,5.710864,2.456072,1
1829.41114,5042.051344,2217.452293,DDH-018,0.9,305.2986039,-11.95396392,0,69.9,70.8,16.55231772,3.35062,2.110092,1
1828.732455,5042.531854,2217.62835,DDH-018,0.8,305.2986039,-11.95396392,0,70.8,71.6,10.66043598,8.46246,3.921724,1
1828.133615,5042.955835,2217.783694,DDH-018,0.7,305.2986039,-11.95396392,0,71.6,72.3,14.13176638,9.473684,2.970496,1
1827.45493,5043.436346,2217.959751,DDH-018,1,305.2986039,-11.95396392,0,72.3,73.3,11.37568133,5.322968,1.7504,1
1826.836129,5043.874458,2218.120273,DDH-018,0.55,305.2986039,-11.95396392,0,73.3,73.85,14.07811666,1.143084,1.446844,1
1819.537255,4997.494659,2038.484157,DDH-019,0.35,3.54008383,10.93143256,0,183.45,183.8,13.80424993,3.13834,2.632412,1
1819.573394,4998.077739,2038.371351,DDH-019,0.84,3.55316774,10.92666401,0,183.8,184.64,18.96443164,2.421012,1.457344,1
1819.613943,4998.729419,2038.24533,DDH-019,0.49,3.5677904,10.92133381,0,184.64,185.13,24.29566798,2.290924,1.193024,1
1819.64638,4999.248805,2038.144937,DDH-019,0.57,3.57944415,10.91708519,0,185.13,185.7,0.35322,0.058868,0.011772,1
1819.680153,4999.787792,2038.040795,DDH-019,0.53,3.59153729,10.91267579,0,185.7,186.23,24.91653308,1.001964,0.408644,1
1819.714349,5000.331681,2037.935749,DDH-019,0.58,3.60373999,10.90822583,0,186.23,186.81,22.07067456,1.628924,0.953516,1
1731.529122,4960.907113,2050.734463,DDH-020,0.93,330.0374799,7.97538079,0,167.36,168.29,17.84582593,1.668664,1.285428,1
1731.163184,4961.542021,2050.631664,DDH-020,0.55,330.04735067,7.99511351,0,168.29,168.84,13.92568501,3.154952,4.572684,1
1730.794902,4962.181252,2050.527917,DDH-020,0.94,330.05728908,8.01497929,0,168.84,169.78,12.06613333,4.096,2.504,1
1730.463805,4962.756159,2050.434395,DDH-020,0.4,330.06622779,8.03284492,0,169.78,170.18,13.37723147,0.898964,0.775656,1
1730.135281,4963.326803,2050.341366,DDH-020,0.93,330.07510056,8.05057701,0,170.18,171.11,17.36784435,3.02946,3.451432,1
1729.698231,4964.086273,2050.217245,DDH-020,0.84,330.08690985,8.074175,0,171.11,171.95,20.90544798,1.037924,0.538924,1
1729.26383,4964.841499,2050.093467,DDH-020,0.92,330.09865376,8.09763926,0,171.95,172.87,22.27105861,1.513944,1.366532,1
1728.837008,4965.583898,2049.971451,DDH-020,0.81,330.11019879,8.12070316,0,172.87,173.68,18.72006363,1.853328,1.530492,1
1728.430085,4966.292009,2049.854756,DDH-020,0.84,330.12121113,8.14270012,0,173.68,174.52,16.33959153,1.395536,0.948964,1
1728.149029,4966.781273,2049.773946,DDH-020,0.3,330.12882034,8.15789781,0,174.52,174.82,16.52767254,0.488096,0.190476,1
1727.924732,4967.17184,2049.709333,DDH-020,0.61,330.13489476,8.17002915,0,174.82,175.43,25.2777779,2.178772,2.290504,1
1727.624101,4967.695478,2049.622559,DDH-020,0.61,330.14303904,8.18629297,0,175.43,176.04,18.32238456,1.07514,1.043164,1
1727.326019,4968.214845,2049.536327,DDH-020,0.6,330.15111719,8.20242326,0,176.04,176.64,17.7835361,1.811276,1.575368,1
1808.516858,5003.066103,2110.270153,DDH-021,0.3,320.08038944,-16.05261705,0,115.65,115.95,1.3734,0.382164,0.09554,1
1830.657175,4998.919539,2110.176721,DDH-022,0.8,328.6154973,-19.52965,0,99.7,100.5,10.18252085,3.375848,1.96094,1
1830.227709,4999.623545,2110.469228,DDH-022,0.95,328.61547367,-19.529475,0,100.5,101.45,15.1236411,3.10304,1.409396,1
1829.724619,5000.448238,2110.811875,DDH-022,1.1,328.615446,-19.52927,0,101.45,102.55,20.51035769,4.972268,3.767828,1
1829.233799,5001.252817,2111.146162,DDH-022,0.9,328.615419,-19.52907,0,102.55,103.45,14.87535121,5.64992,3.74402,1
1828.865684,5001.856253,2111.396874,DDH-022,0.6,328.61539875,-19.52892,0,103.45,104.05,20.97802372,4.444444,3.231612,1
1828.54665,5002.37923,2111.614157,DDH-022,0.7,328.6153812,-19.52879,0,104.05,104.75,25.64921524,2.602684,1.86414,1
1846.290193,5004.73239,2110.409074,DDH-023,1,340.3754613,-21.52858688,0,98.6,99.6,10.6276516,1.293928,0.810704,1
1845.97797,5005.608625,2110.776133,DDH-023,1,340.3981256,-21.53893121,0,99.6,100.6,11.80155345,6.969212,4.84606,1
1845.665926,5006.48489,2111.143268,DDH-023,1,340.39948157,-21.53924325,0,100.6,101.6,20.96704632,5.225008,2.608524,1
1845.353903,5007.36116,2111.510409,DDH-023,1,340.40083755,-21.53955529,0,101.6,102.6,16.02035627,1.809484,1.187724,1
1845.0809,5008.127901,2111.831662,DDH-023,0.75,340.40202404,-21.53982831,0,102.6,103.35,17.47101945,0.887644,0.467812,1
1844.878109,5008.697482,2112.070309,DDH-023,0.55,340.40290543,-21.54003113,0,103.35,103.9,10.52032392,4.113192,2.873656,1
1844.636331,5009.376602,2112.354853,DDH-023,1,340.40395633,-21.54027294,0,103.9,104.9,17.3619,4.352,3.056,1
1844.378969,5010.099539,2112.657757,DDH-023,0.65,340.40507503,-21.54053034,0,104.9,105.55,14.00436037,3.718512,2.307076,1
1799.320375,5001.868111,2119.917843,DDH-024,0.5,345.01663421,8.54598909,0,135,135.5,7.66776,0.483228,0.65096,1
1799.128632,5002.58457,2119.806389,DDH-024,1,345.01792196,8.54625609,0,135.5,136.5,0.29952,0.079872,0.007988,1
1876.754295,5017.042397,2106.13846,DDH-025,0.95,17.45795638,13.01602099,0,151.25,152.2,0.41766,0.027844,0.019888,1
1877.010151,5017.855584,2105.941252,DDH-025,0.8,17.47262738,13.03447393,0,152.2,153,0.23838,0.027812,0.023836,1
1877.258877,5018.645415,2105.749416,DDH-025,0.9,17.48688131,13.05239887,0,153,153.9,0.23922,0.019936,0.01196,1
1877.441877,5019.226097,2105.608195,DDH-025,0.35,17.49736347,13.06557848,0,153.9,154.25,1.31424,0.03186,0.03186,1
1900.186448,5031.29883,2107.739222,DDH-026,1.15,22.70084342,9.78955468,0,171.35,172.5,1.07742,0.103752,0.039904,1
1900.519218,5032.094289,2107.590446,DDH-026,0.6,22.7018768,9.78957044,0,172.5,173.1,20.63361294,3.118068,6.584788,1
1900.766428,5032.685198,2107.479926,DDH-026,0.7,22.70264445,9.78958215,0,173.1,173.8,4.54548,0.167464,0.211324,1
1827.824505,5007.613231,2125.970624,DDH-027,0.35,356.75124509,5.11193981,0,134.15,134.5,10.86954,0.368196,0.59146,1
1827.792088,5008.185024,2125.919373,DDH-027,0.8,356.75899834,5.11550372,0,134.5,135.3,14.07392533,0.80016,1.226116,1
1827.744308,5009.030285,2125.843545,DDH-027,0.9,356.77045981,5.12077195,0,135.3,136.2,12.61266126,1.284184,0.566784,1
1632.796767,4914.081784,2163.718716,DDH-028,0.7,287.4221427,-7.91796952,0,151.75,152.45,15.48958924,2.122172,1.527172,1
1632.277002,4914.244892,2163.794482,DDH-028,0.4,287.42274055,-7.91796678,0,152.45,152.85,15.77107701,2.523624,1.854332,1
1599.09694,4924.033316,2225.487418,DDH-029,0.65,285.64251,-24.01107,0,203.85,204.5,16.56827195,5.139776,2.707668,1
1598.525178,4924.193412,2225.751912,DDH-029,0.65,285.64251,-24.01107,0,204.5,205.15,4.25322,0.742812,0.219648,1
1713.44359,4962.111701,2103.883711,DDH-030,1.05,321.64086,17.54391,0,117.15,118.2,0.1197,0.004,0.003992,1
1946.188288,5035.114741,1995.487447,DDH-031,1,185.38155895,10.00908627,0,40.4,41.4,15.34053221,6.303392,5.36926,1
1946.095787,5034.134335,1995.313558,DDH-031,1,185.39822199,10.01908937,0,41.4,42.4,15.1873267,3.015116,2.637232,1
1946.003004,5033.153987,1995.139496,DDH-031,1,185.41488607,10.02909164,0,42.4,43.4,12.15787386,1.262444,1.111112,1
1945.909938,5032.173696,1994.965263,DDH-031,1,185.43155118,10.03909309,0,43.4,44.4,15.20734635,1.143428,1.406376,1
1945.816591,5031.193463,1994.790858,DDH-031,1,185.44821733,10.0490937,0,44.4,45.4,21.68817288,0.419664,0.139888,1
1945.722961,5030.213288,1994.616282,DDH-031,1,185.46488451,10.05909349,0,45.4,46.4,17.7557828,2.81724,3.10056,1
1945.638452,5029.331179,1994.459016,DDH-031,0.8,185.47988586,10.06809258,0,46.4,47.2,14.11873989,3.111024,3.055112,1
1945.563142,5028.547122,1994.319107,DDH-031,0.8,185.49322108,10.0760912,0,47.2,48,14.9393075,4.22832,3.754972,1
1945.490013,5027.787601,1994.183465,DDH-031,0.75,185.5061402,10.08383935,0,48,48.75,1.0188,0.023972,0.047944,1
1945.407244,5026.930119,1994.030197,DDH-031,1,185.52072705,10.09258666,0,48.75,49.75,11.55506487,2.735248,2.416268,1
1945.312386,5025.950193,1993.854873,DDH-031,1,185.53739868,10.10258278,0,49.75,50.75,16.6902101,0.7502,0.694332,1
1945.217246,5024.970325,1993.679376,DDH-031,1,185.55407134,10.11257806,0,50.75,51.75,25.32798265,0.782436,0.534932,1
1945.14093,5024.186471,1993.538855,DDH-031,0.6,185.56741019,10.12057366,0,51.75,52.35,13.31969186,0.327736,0.183852,1
1945.078791,5023.549617,1993.424601,DDH-031,0.7,185.57824848,10.12706969,0,52.35,53.05,23.35255882,0.971224,0.559552,1
1964.175811,5048.142229,1996.86311,DDH-032,0.9,149.05422218,10.48165854,0,31.35,32.25,14.083219,1.42238,0.638296,1
1964.630833,5047.383211,1996.699299,DDH-032,0.9,149.06142621,10.49245737,0,32.25,33.15,7.65186,0.938472,0.369936,1
1964.997298,5046.771757,1996.567219,DDH-032,0.55,149.06722982,10.5011563,0,33.15,33.7,11.6423374,2.86222,2.198972,1
1965.351058,5046.181368,1996.439591,DDH-032,0.85,149.07283361,10.50955517,0,33.7,34.55,1.79142,0.238852,0.051752,1
1965.818424,5045.401182,1996.270784,DDH-032,1,149.08023907,10.5206535,0,34.55,35.55,0.29976,0.095924,0.011992,1
1966.323552,5044.557701,1996.088092,DDH-032,1,149.08824557,10.53265149,0,35.55,36.55,0.11922,0.107312,0.007948,1
1966.727556,5043.882889,1995.94179,DDH-032,0.6,149.09465121,10.54224973,0,36.55,37.15,2.74026,0.389196,0.135028,1
1966.954769,5043.503296,1995.859437,DDH-032,0.3,149.09825456,10.54764868,0,37.15,37.45,6.09318,1.334128,0.54958,1
1967.118851,5043.229141,1995.799934,DDH-032,0.35,149.10085705,10.55154789,0,37.45,37.8,11.02807134,5.809636,2.472352,1
1956.611351,5038.218897,1995.937356,DDH-033,0.73,168.77876836,10.20336636,0,37.5,38.23,10.72892216,4.216628,2.30216,1
1956.776696,5037.383746,1995.784017,DDH-033,1,168.82405217,10.21701139,0,38.23,39.23,18.74075377,2.093488,2.025568,1
1956.967019,5036.418117,1995.606489,DDH-033,1,168.8764068,10.23277776,0,39.23,40.23,18.75217697,1.671332,0.879648,1
1957.156455,5035.452339,1995.428687,DDH-033,1,168.92876498,10.24853528,0,40.23,41.23,14.80381093,1.173896,0.45762,1
1957.345004,5034.486412,1995.25061,DDH-033,1,168.98112663,10.26428389,0,41.23,42.23,18.30233123,1.048644,0.13158,1
1957.532666,5033.520336,1995.072258,DDH-033,1,169.03349166,10.28002357,0,42.23,43.23,11.37558042,1.976928,0.855212,1
1957.719441,5032.554111,1994.89363,DDH-033,1,169.08586,10.29575426,0,43.23,44.23,17.72863559,2.607312,0.86248,1
1957.90543,5031.587854,1994.714883,DDH-033,1,169.1182821,10.29007596,0,44.23,45.23,13.25359987,1.179752,0.76126,1
1958.088197,5030.636017,1994.539036,DDH-033,0.97,169.14294881,10.27668356,0,45.23,46.2,13.09996561,0.506784,0.2075,1
1958.270561,5029.684068,1994.363416,DDH-033,1,169.16761367,10.26328917,0,46.2,47.2,12.11619956,1.538156,1.210548,1
1958.450676,5028.741673,1994.189804,DDH-033,0.95,169.19202628,10.25002881,0,47.2,48.15,11.70001496,1.215252,0.830024,1
1958.630396,5027.799168,1994.016415,DDH-033,1,169.21643707,10.23676651,0,48.15,49.15,16.27749057,1.724276,1.06476,1
1958.768373,5027.074089,1993.88319,DDH-033,0.5,169.23521334,10.22656343,0,49.15,49.65,13.26408467,2.772908,0.537848,1
1958.850129,5026.643844,1993.804206,DDH-033,0.39,169.24635342,10.22050907,0,49.65,50.04,18.47517835,1.092068,0.829016,1
1960.39504,5045.120127,1993.257682,DDH-034,1,157.51706623,16.25856823,0,31.7,32.7,1.13952,0.09996,0.027988,1
1960.762125,5044.233079,1992.977695,DDH-034,1,157.52070295,16.26038609,0,32.7,33.7,12.26812583,0.339864,0.027988,1
1961.12915,5043.346016,1992.697676,DDH-034,1,157.52433973,16.26220389,0,33.7,34.7,14.08331709,1.12974,0.642716,1
1961.496115,5042.458938,1992.417628,DDH-034,1,157.52797658,16.26402163,0,34.7,35.7,11.66268,0.833332,0.733652,1
1961.863021,5041.571845,1992.137549,DDH-034,1,157.5316135,16.2658393,0,35.7,36.7,2.56872,0.22302,0.13142,1
1962.229867,5040.684736,1991.857439,DDH-034,1,157.53525049,16.26765692,0,36.7,37.7,14.08278225,1.407496,1.048644,1
1962.541639,5039.930682,1991.619322,DDH-034,0.7,157.53834198,16.26920184,0,37.7,38.4,14.05581191,1.919552,1.226604,1
1962.79836,5039.309688,1991.42321,DDH-034,0.7,157.54088794,16.2704741,0,38.4,39.1,13.98296879,2.79952,1.689296,1
1963.064219,5038.666508,1991.220077,DDH-034,0.75,157.54352488,16.27179176,0,39.1,39.85,11.4924,1.612132,0.614524,1
1963.385042,5037.890246,1990.974895,DDH-034,1,157.54670743,16.27338199,0,39.85,40.85,0.71598,0.222752,0.055688,1
1906.005088,5015.716205,1990.940015,DDH-035,1,212.39867027,9.51371338,0,68.15,69.15,0.53616,0.146944,0.095312,1
1926.620115,5023.062029,1979.32375,DDH-036,0.47,197.69571491,23.2320335,0,56.58,57.05,11.0202451,0.488484,0.071484,1
1926.452482,5022.536765,1979.087104,DDH-036,0.73,197.70413719,23.2260468,0,57.05,57.78,10.73456285,1.062476,0.835656,1
1905.309923,5031.478254,1981.899954,DDH-037,1,221.8,20.19466656,0,58.7,59.7,0.53976,0.123952,0.043984,1
1904.68438,5030.778622,1981.554689,DDH-037,1,221.8,20.20133323,0,59.7,60.7,11.95364392,4.287992,2.42122,1
1904.058863,5030.07902,1981.209315,DDH-037,1,221.8,20.20799991,0,60.7,61.7,13.2215851,6.081568,6.137544,1
1903.433373,5029.379448,1980.863831,DDH-037,1,221.8,20.21466659,0,61.7,62.7,12.818874,4.088728,4.55236,1
1902.807911,5028.679906,1980.518239,DDH-037,1,221.8,20.22133327,0,62.7,63.7,15.16688984,3.268388,3.145128,1
1902.182475,5027.980394,1980.172537,DDH-037,1,221.8,20.22799995,0,63.7,64.7,18.2117093,4.192644,2.89768,1
1901.557065,5027.280912,1979.826726,DDH-037,1,221.8,20.23466663,0,64.7,65.7,12.48353896,2.238208,2.022384,1
1900.931683,5026.58146,1979.480806,DDH-037,1,221.8,20.24133331,0,65.7,66.7,13.28579959,1.676648,2.17964,1
1900.306328,5025.882038,1979.134777,DDH-037,1,221.8,20.248,0,66.7,67.7,21.83259757,0.526524,0.351016,1
1899.680999,5025.182646,1978.788639,DDH-037,1,221.8,20.25466668,0,67.7,68.7,20.97852309,0.423152,0.21956,1
1899.055698,5024.483284,1978.442391,DDH-037,1,221.8,20.26133336,0,68.7,69.7,13.32321025,1.257988,1.214056,1
1898.461686,5023.818918,1978.113355,DDH-037,0.9,221.8,20.26766671,0,69.7,70.6,11.08097948,2.291416,1.912176,1
1898.024008,5023.329402,1977.870844,DDH-037,0.5,221.8,20.27233338,0,70.6,71.1,0.36,0.08,0.02,1
1897.695759,5022.962275,1977.688926,DDH-037,0.55,221.8,20.27583339,0,71.1,71.65,0.47982,0.119952,0.04798,1
1897.304996,5022.52523,1977.472318,DDH-037,0.7,221.8,20.28000007,0,71.65,72.35,11.02058226,1.275836,0.997616,1
1967.295339,5048.31306,2008.845446,DDH-038,0.53,144.51849792,-10.75501269,0,31.6,32.13,6.16026,0.773524,0.542264,1
1967.549081,5047.957055,2008.928501,DDH-038,0.36,144.5229496,-10.75857172,0,32.13,32.49,16.95554642,2.911192,1.668656,1
1967.885455,5047.485024,2009.03866,DDH-038,0.82,144.52885199,-10.76329034,0,32.49,33.31,13.66886553,2.189868,1.096928,1
1968.435511,5046.712914,2009.218939,DDH-038,1.11,144.5385063,-10.77100784,0,33.31,34.42,0.29976,0.079936,0.807356,1
1968.94269,5046.000748,2009.385319,DDH-038,0.67,144.5474107,-10.77812525,0,34.42,35.09,12.71877935,1.249504,0.127336,1
1969.258902,5045.556613,2009.489128,DDH-038,0.44,144.55296366,-10.78256351,0,35.09,35.53,13.68670391,0.506988,0.131736,1
1969.543737,5045.15647,2009.582686,DDH-038,0.56,144.55796646,-10.78656186,0,35.53,36.09,20.74654146,1.152772,0.079776,1
1969.800055,5044.796325,2009.666918,DDH-038,0.34,144.56246909,-10.79016029,0,36.09,36.43,10.5558,0.2479,0.015992,1
1970.101901,5044.372133,2009.76616,DDH-038,0.72,144.56777232,-10.79439837,0,36.43,37.15,11.16662712,0.579768,0.131948,1
1970.423633,5043.919905,2009.871997,DDH-038,0.41,144.57342593,-10.79891622,0,37.15,37.56,11.63532,0.707716,0.415832,1
1875.428921,5022.79702,1990.92781,DDH-039,0.56,232.80459547,8.17290423,0,83.83,84.39,3.39828,2.273448,0.198728,1
1875.07804,5022.530744,1990.864535,DDH-039,0.33,232.80726647,8.17646388,0,84.39,84.72,13.32732133,18.21814,0.727128,1
1874.553672,5022.132861,1990.769927,DDH-039,1,232.81125804,8.18178332,0,84.72,85.72,6.46248,1.948616,0.770752,1
1873.765111,5021.53462,1990.627544,DDH-039,1,232.8172606,8.18978241,0,85.72,86.72,17.03757469,6.162976,6.064084,1
1872.976501,5020.936472,1990.485022,DDH-039,1,232.8232634,8.1977814,0,86.72,87.72,18.36233038,5.664808,8.03344,1
1872.187845,5020.338419,1990.342363,DDH-039,1,232.82926643,8.2057803,0,87.72,88.72,22.79725288,1.8892,1.857312,1
1871.399142,5019.740461,1990.199565,DDH-039,1,232.83526971,8.2137791,0,88.72,89.72,18.42179331,4.109804,4.184312,1
1870.610391,5019.142596,1990.056629,DDH-039,1,232.84127322,8.22177781,0,89.72,90.72,18.90758638,11.254436,6.532544,1
1869.821593,5018.544826,1989.913555,DDH-039,1,232.84727696,8.22977642,0,90.72,91.72,20.82087521,6.284348,3.946636,1
1869.032748,5017.94715,1989.770342,DDH-039,1,232.85328095,8.23777494,0,91.72,92.72,20.163024,4.508,4.948,1
1868.243855,5017.349568,1989.626991,DDH-039,1,232.85928517,8.24577335,0,92.72,93.72,21.83771464,4.240632,3.96844,1
1867.454915,5016.752081,1989.483502,DDH-039,1,232.86528962,8.25377167,0,93.72,94.72,19.31889609,7.274516,6.411972,1
1866.665928,5016.154688,1989.339875,DDH-039,1,232.87129431,8.26176989,0,94.72,95.72,18.01952222,1.398964,1.454764,1
1865.884784,5015.563362,1989.197547,DDH-039,0.98,232.87723919,8.26968803,0,95.72,96.7,25.1253635,1.057464,0.885872,1
1865.379777,5015.181139,1989.105466,DDH-039,0.3,232.88108247,8.27480678,0,96.7,97,22.45336228,2.015904,2.401592,1
1864.965499,5014.867626,1989.029888,DDH-039,0.75,232.88423523,8.27900572,0,97,97.75,13.8050264,1.918672,2.739836,1
1864.440729,5014.470547,1988.934101,DDH-039,0.58,232.88822882,8.28432433,0,97.75,98.33,0.29808,0.039744,0.031796,1
1863.81729,5013.998883,1988.820229,DDH-039,1,232.89297321,8.29064263,0,98.33,99.33,14.844061,2.220892,2.795056,1
1863.028084,5013.401925,1988.675964,DDH-039,1,232.89897899,8.29864039,0,99.33,100.33,15.61166278,4.087096,5.093888,1
1862.369056,5012.903542,1988.555413,DDH-039,0.67,232.90531725,8.30266261,0,100.33,101,14.77329781,3.404424,4.332544,1
1861.907312,5012.554424,1988.470925,DDH-039,0.5,232.9099949,8.30500485,0,101,101.5,11.26233319,4.048568,5.5414,1
1861.512638,5012.256065,1988.398694,DDH-039,0.5,232.91399294,8.30700673,0,101.5,102,10.37142,0.600552,0.505728,1
1877.266033,5003.767662,2032.416226,DDH-040,0.75,359.75996285,-17.84012253,0,100.15,100.9,10.85695071,4.91214,4.045528,1
1877.263192,5004.457813,2032.638289,DDH-040,0.7,359.76831743,-17.83175229,0,100.9,101.6,1.97526,0.17558,0.09976,1
1877.260637,5005.100397,2032.844946,DDH-040,0.65,359.77609512,-17.82395901,0,101.6,102.25,13.39802263,2.54996,1.830536,1
1877.25799,5005.790612,2033.066814,DDH-040,0.8,359.78444817,-17.81558811,0,102.25,103.05,3.8922,0.642716,0.207584,1
1838.752494,5010.913614,1985.21198,DDH-041,0.3,339.3526224,7.54755851,0,111,111.3,10.31773972,2.843488,3.974512,1
1838.560276,5011.423846,1985.139782,DDH-041,0.8,339.36178449,7.53838952,0,111.3,112.1,1.29768,0.322452,0.334252,1
1838.245903,5012.258862,1985.021828,DDH-041,1,339.37677614,7.52338533,0,112.1,113.1,17.83926014,0.951064,1.029992,1
1837.984083,5012.954794,1984.923711,DDH-041,0.5,339.38926836,7.51088147,0,113.1,113.6,12.3134706,3.942992,4.231988,1
1871.105693,5026.560824,1926.748712,DDH-042,0.46,359.19632352,32.15693982,0,139.4,139.86,10.78573791,9.0554,8.891988,1
1871.09947,5027.009466,1926.466593,DDH-042,0.6,359.21619165,32.16218807,0,139.86,140.46,13.91633972,1.930732,1.723728,1
1871.09254,5027.525823,1926.141871,DDH-042,0.62,359.24605001,32.16240505,0,140.46,141.08,14.02139723,1.258464,0.919952,1
1871.084654,5028.139526,1925.75593,DDH-042,0.83,359.28153782,32.16265381,0,141.08,141.91,17.80619345,1.02318,1.135092,1
1776.144586,4983.58105,2028.39479,DDH-043,1,307.84932354,-11.98412423,0,129.15,130.15,14.0799478,1.604696,0.65362,1
1775.372182,4984.181327,2028.602294,DDH-043,1,307.85610407,-11.96813311,0,130.15,131.15,23.3066169,2.24266,1.432484,1
1774.850823,4984.586585,2028.742204,DDH-043,0.35,307.86068047,-11.95733902,0,131.15,131.5,24.20959274,1.126036,0.86132,1
1787.878614,4979.054899,1983.157795,DDH-044,1,307.8856486,10.00672592,0,115.7,116.7,19.47129379,1.088516,1.044656,1
1787.101392,4979.659605,1982.98384,DDH-044,1,307.88271795,10.02901921,0,116.7,117.7,20.39495875,0.833664,0.391148,1
1786.460201,4980.158427,1982.840038,DDH-044,0.65,307.88029986,10.04741112,0,117.7,118.35,16.60723039,1.433132,1.688624,1
1785.819023,4980.657194,1982.695975,DDH-044,1,307.8778815,10.06580297,0,118.35,119.35,10.47276793,3.575684,3.384984,1
1785.041858,4981.261687,1982.521003,DDH-044,1,307.87494979,10.08809605,0,119.35,120.35,10.8909,0.647568,0.208008,1
1784.478409,4981.69987,1982.393915,DDH-044,0.45,307.8667765,10.1031036,0,120.35,120.8,14.14645702,1.149104,0.683896,1
1784.050935,4982.032208,1982.297381,DDH-044,0.65,307.85937871,10.11425993,0,120.8,121.45,3.09522,0.222224,0.103176,1
1783.487403,4982.470187,1982.169971,DDH-044,0.8,307.84962628,10.12896577,0,121.45,122.25,1.12296,0.106384,0.03546,1
1782.865519,4982.953339,1982.029167,DDH-044,0.8,307.83886391,10.1451926,0,122.25,123.05,0.05964,0.035772,0.007948,1
1782.165829,4983.496716,1981.870497,DDH-044,1,307.82675493,10.16344739,0,123.05,124.05,12.66280593,1.346536,0.906932,1
1781.388309,4984.100258,1981.693866,DDH-044,1,307.81329887,10.18373,0,124.05,125.05,18.67288487,1.622052,0.914904,1
1780.746786,4984.598013,1981.547884,DDH-044,0.65,307.80219632,10.20046275,0,125.05,125.7,0.4188,0.047864,0.007976,1
1780.105201,4985.095618,1981.401664,DDH-044,1,307.7910926,10.21719513,0,125.7,126.7,27.02119352,0.48284,0.163608,1
1779.424663,4985.623215,1981.246323,DDH-044,0.75,307.77931464,10.2349412,0,126.7,127.45,26.23884824,0.740444,0.246816,1
1778.744055,4986.150643,1981.090716,DDH-044,1,307.76753536,10.25268685,0,127.45,128.45,20.07776591,2.408292,0.86922,1
1799.712391,4997.09426,1911.91956,DDH-045,0.65,315.65037461,40.03861337,0,147.95,148.6,15.12947443,2.209812,3.48624,1
1799.377937,4997.436379,1911.517422,DDH-045,0.6,315.64778736,40.05677891,0,148.6,149.2,26.71430644,1.761884,2.377148,1
1739.874295,4959.879529,1913.158868,DDH-046,0.8,288.82934,32.75264,0,171.1,171.9,7.17702,0.155504,0.127592,1
1739.31709,4960.069535,1912.780159,DDH-046,0.6,288.82934,32.75264,0,171.9,172.5,14.08013722,0.494616,0.20742,1
1738.700185,4960.2799,1912.360874,DDH-046,0.95,288.82934,32.75264,0,172.5,173.45,19.8183532,0.521288,0.127336,1
1737.924079,4960.544551,1911.833386,DDH-046,1,288.82934,32.75264,0,173.45,174.45,22.17476384,0.370372,0.047788,1
1737.128073,4960.815989,1911.292373,DDH-046,1,288.82934,32.75264,0,174.45,175.45,21.72737222,0.792512,0.262844,1
1736.332066,4961.087427,1910.751359,DDH-046,1,288.82934,32.75264,0,175.45,176.45,18.66718155,5.239616,5.107828,1
1735.53606,4961.358864,1910.210346,DDH-046,1,288.82934,32.75264,0,176.45,177.45,17.47314992,2.337716,1.664676,1
1734.958955,4961.555657,1909.818111,DDH-046,0.45,288.82934,32.75264,0,177.45,177.9,27.38682466,0.591056,0.055912,1
1927.413288,5028.454523,2035.146735,DDH-047,0.64,22.11557325,-15.33732956,0,131.1,131.74,19.71782021,0.885976,0.246324,1
1927.649373,5029.035211,2035.318668,DDH-047,0.66,22.13380721,-15.33878258,0,131.74,132.4,3.777,0.563548,0.267784,1
1927.914732,5029.687274,2035.511781,DDH-047,0.8,22.15428565,-15.34041266,0,132.4,133.2,0.53958,0.095924,0.059952,1
1928.169404,5030.312447,2035.696977,DDH-047,0.6,22.17392278,-15.341974,0,133.2,133.8,0.29952,0.055912,0.027956,1
1928.451609,5031.004496,2035.902037,DDH-047,0.95,22.19566421,-15.34370062,0,133.8,134.75,13.93949413,4.514352,4.231224,1
1928.788777,5031.830343,2036.146815,DDH-047,0.9,22.22161409,-15.34575867,0,134.75,135.65,22.61113318,2.46712,1.90514,1
1929.102584,5032.598015,2036.374422,DDH-047,0.82,22.24574088,-15.3476694,0,135.65,136.47,18.51312697,2.480192,1.806656,1
1929.431331,5033.401244,2036.612646,DDH-047,0.98,22.27099025,-15.34966623,0,136.47,137.45,21.40384883,0.780508,0.20206,1
1929.793358,5034.284622,2036.874727,DDH-047,1,22.29876503,-15.35185944,0,137.45,138.45,11.79058614,1.363636,1.071148,1
1929.262027,5030.650906,1925.055834,DDH-048,0.85,21.67203,30.47007,0,149.4,150.25,0.17862,0.047636,0.00794,1
1929.556447,5031.391802,1924.586777,DDH-048,1,21.67203,30.47007,0,150.25,151.25,14.06680454,1.827572,1.108464,1
1929.874739,5032.192772,1924.079689,DDH-048,1,21.67203,30.47007,0,151.25,152.25,16.62104101,0.948788,0.142912,1
1930.19303,5032.993741,1923.572601,DDH-048,1,21.67203,30.47007,0,152.25,153.25,12.05506459,2.256532,0.20586,1
1930.495407,5033.754662,1923.090867,DDH-048,0.9,21.67203,30.47007,0,153.25,154.15,25.31836715,0.391612,0.039556,1
1930.797784,5034.515583,1922.609133,DDH-048,1,21.67203,30.47007,0,154.15,155.15,21.56357597,0.389972,0.055712,1
1931.052418,5035.156359,1922.203463,DDH-048,0.6,21.67203,30.47007,0,155.15,155.75,26.3562134,0.673268,0.106932,1
1931.307051,5035.797134,1921.797792,DDH-048,1,21.67203,30.47007,0,155.75,156.75,24.77731057,0.426464,0.059784,1
1931.625342,5036.598104,1921.290704,DDH-048,1,21.67203,30.47007,0,156.75,157.75,11.06922647,0.753588,0.514356,1
1931.879976,5037.238879,1920.885034,DDH-048,0.6,21.67203,30.47007,0,157.75,158.35,0.2982,0.071572,0.011928,1
1932.150524,5037.919703,1920.454009,DDH-048,1.1,21.67203,30.47007,0,158.35,159.45,21.2200351,0.954092,0.99002,1
1932.48473,5038.760721,1919.921566,DDH-048,1,21.67203,30.47007,0,159.45,160.45,14.84137615,3.227576,4.841364,1
1932.739363,5039.401497,1919.515895,DDH-048,0.6,21.67203,30.47007,0,160.45,161.05,16.38980711,6.112652,7.758824,1
1932.898509,5039.801981,1919.262351,DDH-048,0.4,21.67203,30.47007,0,161.05,161.45,6.43194,1.49882,1.87254,1
1710.448709,4968.352082,1985.975533,DDH-049,1,292.2452351,3.10107304,0,178.65,179.65,14.16781473,3.322808,3.307024,1
1709.755601,4968.635767,1985.934985,DDH-049,0.5,292.27273357,3.09713511,0,179.65,180.15,0.77904,0.0839,0.03196,1
1709.131902,4968.891309,1985.898533,DDH-049,0.85,292.28525651,3.09415657,0,180.15,181,19.39188103,2.103804,1.945324,1
1708.27728,4969.241682,1985.848636,DDH-049,1,292.29950386,3.09020959,0,181,182,19.54812524,1.789264,2.119284,1
1707.492027,4969.563835,1985.802841,DDH-049,0.7,292.31259595,3.08658247,0,182,182.7,10.53858442,0.372572,0.118908,1
1706.91468,4969.800827,1985.769202,DDH-049,0.55,292.32222243,3.08391536,0,182.7,183.25,19.80788601,2.677792,3.218116,1
1865.64095,5021.57645,1968.54334,DDH-050,1,356.68928341,13.78178641,0,118.15,119.15,17.2765325,2.574612,3.601272,1
1865.59785,5022.328062,1968.359026,DDH-050,0.55,356.74695153,13.73144062,0,119.15,119.7,17.64891996,3.74502,5.908368,1
1824.911815,5008.460839,1953.8937,DDH-051,0.39,333.37725173,23.03894766,0,122.45,122.84,12.84702109,3.909596,5.725616,1
1824.720141,5008.843419,1953.711702,DDH-051,0.54,333.40069866,23.04289486,0,122.84,123.38,1.3059,0.138504,0.071232,1
1824.431907,5009.419469,1953.437674,DDH-051,0.86,333.4359979,23.04883039,0,123.38,124.24,10.08627192,6.033588,5.973612,1
1669.403423,4947.462081,2179.371962,DDH-052,0.4,293.21468325,14.59948246,0,94,94.4,12.69668205,2.481052,1.611488,1
1668.958771,4947.652856,2179.245912,DDH-052,0.6,293.2281506,14.60436139,0,94.4,95,0.71598,0.167064,0.039776,1
1668.247442,4947.958304,2179.044145,DDH-052,1,293.24969956,14.61216605,0,95,96,13.32791659,3.685044,2.17374,1
1667.447362,4948.302241,2178.817031,DDH-052,0.8,293.27394392,14.62094391,0,96,96.8,27.79887785,3.40358,1.765408,1
1666.958512,4948.512585,2178.678173,DDH-052,0.3,293.28876084,14.62630691,0,96.8,97.1,12.72158352,1.807372,1.137536,1
1665.881375,4969.302776,2216.124663,DDH-053,0.65,303.36273749,-6.63682647,0,105.4,106.05,22.39791054,2.857712,1.69864,1
1652.793461,4951.311496,2215.218187,DDH-054,0.8,291.42553174,-6.62814607,0,108.8,109.6,10.55154,2.486012,0.663468,1
1656.798504,4934.364672,2179.412957,DDH-055,0.3,282.28685951,12.87916328,0,102.4,102.7,22.65365923,1.827916,1.145916,1
1694.582507,4984.847397,2227.317065,DDH-056,0.9,321.49631789,-14.4608882,0,96.35,97.25,14.03479381,6.36472,1.775924,1
1694.009919,4985.567406,2227.554201,DDH-056,1,321.5166245,-14.44870107,0,97.25,98.25,2.88,0.436,0.08,1
1693.407434,4986.325574,2227.803606,DDH-056,1,321.53799742,-14.43587066,0,98.25,99.25,13.39770924,6.481852,1.759076,1
1692.940679,4986.91334,2227.996747,DDH-056,0.55,321.55455968,-14.4259258,0,99.25,99.8,13.57742485,1.07058,0.13878,1
1692.654676,4987.273664,2228.11506,DDH-056,0.4,321.56471,-14.41983,0,99.8,100.2,8.9463,0.62028,0.051688,1
1696.197339,4990.440979,2245.866744,DDH-057,0.3,325.48945571,-24.9161332,0,105.95,106.25,12.80049923,0.646056,0.249704,1
1680.68923,4978.750047,2240.255709,DDH-058,0.6,311.54595769,-20.74686234,0,105.45,106.05,13.84918496,2.129188,2.061404,1
1680.374279,4979.029144,2240.415116,DDH-058,0.3,311.5462322,-20.74660269,0,106.05,106.35,0.70896,0.133912,0.0512,1
1679.954345,4979.401277,2240.627655,DDH-058,0.9,311.54659821,-20.7462565,0,106.35,107.25,12.21810504,28.01666,8.17136,1
1679.394436,4979.89746,2240.911036,DDH-058,0.7,311.54708622,-20.7457949,0,107.25,107.95,13.77270623,1.687128,2.18614,1
1718.171082,4975.331187,2155.539325,DDH-059,0.8,329.93341695,33.25262393,0,85.25,86.05,26.25395902,1.702972,2.518812,1
1717.794234,4975.982605,2155.045734,DDH-059,1,329.96748464,33.26718379,0,86.05,87.05,17.61571458,1.291828,2.089496,1
1717.501442,4976.489342,2154.661698,DDH-059,0.4,329.99398965,33.27850172,0,87.05,87.45,8.83392,0.361208,0.86376,1
1717.334255,4976.778937,2154.442197,DDH-059,0.4,330.00913847,33.28496659,0,87.45,87.85,14.06791353,0.534716,1.037508,1
1717.114957,4977.159065,2154.154045,DDH-059,0.65,330.02902472,33.29344895,0,87.85,88.5,0.11982,0.043928,0.007988,1
1716.791511,4977.720277,2153.72856,DDH-059,0.9,330.0583877,33.30596475,0,88.5,89.4,9.54276,0.318092,0.664016,1
1716.457982,4978.299682,2153.289201,DDH-059,0.7,330.08870674,33.31887705,0,89.4,90.1,12.60868958,0.809224,1.73964,1
1716.228888,4978.698075,2152.987054,DDH-059,0.4,330.10955629,33.32774998,0,90.1,90.5,13.80251101,0.458532,0.933016,1
1692.637265,4942.944603,2094.675991,DDH-060,0.69,331.35483001,-7.22580423,0,143.11,143.8,24.89587605,0.475068,0.109932,1
1692.273528,4943.61066,2094.772361,DDH-060,0.84,331.36673009,-7.24813664,0,143.8,144.64,17.60337044,2.720124,2.617924,1
1691.940834,4944.22016,2094.860801,DDH-060,0.56,331.37762008,-7.26857126,0,144.64,145.2,1.6542,0.16148,0.102404,1
1691.689023,4944.681662,2094.927928,DDH-060,0.5,331.38586602,-7.28404302,0,145.2,145.7,0.47886,0.09976,0.027932,1
1691.392174,4945.225913,2095.007269,DDH-060,0.75,331.39559074,-7.30228782,0,145.7,146.45,15.68458727,3.511092,4.421956,1
1691.131033,4945.704877,2095.077253,DDH-060,0.35,331.40414915,-7.31834306,0,146.45,146.8,13.10452501,0.99288,0.878164,1
1690.903194,4946.1229,2095.138454,DDH-060,0.61,331.4116188,-7.33235477,0,146.8,147.41,11.86818409,3.799212,3.562992,1
1690.571039,4946.732547,2095.227915,DDH-060,0.79,331.42251288,-7.35278828,0,147.41,148.2,14.89096872,3.528708,4.381976,1
1690.265098,4947.294325,2095.310567,DDH-060,0.5,331.43255187,-7.37161604,0,148.2,148.7,16.5681092,3.343776,7.564604,1
1672.616889,4917.578661,2089.759688,DDH-061,0.4,317.3238878,-5.92322579,0,134.35,134.75,0.0597,0.039808,0.00796,1
1672.380907,4917.834606,2089.795806,DDH-061,0.3,317.3238878,-5.92322579,0,134.75,135.05,23.00401895,6.135552,4.724536,1
1672.077501,4918.163679,2089.842244,DDH-061,0.6,317.3238878,-5.92322579,0,135.05,135.65,0.41748,0.0835,0.015904,1
1721.868323,4965.771933,2103.047968,DDH-062,0.55,345.18258777,-10.23345816,0,153.3,153.85,5.94528,0.325008,0.416172,1
1734.817495,4963.953456,2055.72354,DDH-063,0.96,352.313486,8.44958032,0,147.4,148.36,1.91466,0.339052,0.37894,1
1734.71445,4964.718083,2055.608959,DDH-063,0.6,352.33616684,8.44487924,0,148.36,148.96,11.33544,0.555776,0.39984,1
1734.632758,4965.325899,2055.517927,DDH-063,0.64,352.35419479,8.44114156,0,148.96,149.6,4.66134,0.266932,0.1753,1
1734.55257,4965.923943,2055.428403,DDH-063,0.58,352.3719316,8.43746337,0,149.6,150.18,1.25748,0.17964,0.11976,1
1734.470581,4966.536731,2055.336769,DDH-063,0.67,352.38589431,8.42188372,0,150.18,150.85,0.83964,0.087964,0.067972,1
1734.38742,4967.159371,2055.243867,DDH-063,0.6,352.39916568,8.40349135,0,150.85,151.45,22.40039866,0.709444,0.884816,1
1734.312239,4967.723221,2055.159917,DDH-063,0.55,352.41118201,8.38683644,0,151.45,152,1.97448,0.155564,0.103708,1
1734.237172,4968.287109,2055.076133,DDH-063,0.6,352.42319732,8.37018113,0,152,152.6,2.99766,0.266456,0.20768,1
1734.132923,4969.071715,2054.959838,DDH-063,1,352.43991259,8.3470079,0,152.6,153.6,1.13454,0.079616,0.067676,1
1734.012663,4969.979011,2054.825772,DDH-063,0.85,352.45923717,8.32021294,0,153.6,154.45,13.89388832,0.46632,1.080112,1
1683.442248,4926.021618,2066.17556,DDH-064,1,323.88241173,4.95039536,0,132.6,133.6,18.16015111,3.217564,3.841916,1
1682.884328,4926.786146,2066.093568,DDH-064,0.9,323.87680107,4.95201803,0,133.6,134.5,12.32427708,1.227708,1.860272,1
1682.370389,4927.490266,2066.018026,DDH-064,0.85,323.87163333,4.95351255,0,134.5,135.35,15.10789327,1.035572,2.02478,1
1681.944507,4928.073643,2065.955416,DDH-064,0.6,323.86735147,4.95475084,0,135.35,135.95,11.01195372,0.686204,1.620416,1
1681.680145,4928.435723,2065.916547,DDH-064,0.3,323.86469376,4.95551942,0,135.95,136.25,0.6048,0.022356,0.035128,1
1681.445142,4928.757561,2065.881992,DDH-064,0.5,323.86233135,4.9562026,0,136.25,136.75,10.67928,0.1753,0.617528,1
1681.16606,4929.139731,2065.840951,DDH-064,0.45,323.85952597,4.95701385,0,136.75,137.2,11.94115171,2.390836,2.646216,1
1680.886959,4929.521887,2065.799904,DDH-064,0.5,323.85672059,4.9578251,0,137.2,137.7,24.48464195,1.547848,3.574164,1
1680.578458,4929.944253,2065.754528,DDH-064,0.55,323.8536199,4.95872172,0,137.7,138.25,23.8633107,1.157936,2.618552,1
1669.78482,4912.123723,2071.625497,DDH-065,0.55,314.6946895,2.88808909,0,131,131.55,0.1197,0.043896,0.003992,1
1669.401452,4912.503043,2071.598174,DDH-065,0.53,314.69715442,2.91256456,0,131.55,132.08,0.17988,0.031976,0.011992,1
1700.074111,4955.940733,2113.678037,DDH-066,1,335.11435808,-12.80804077,0,153.65,154.65,13.88604952,0.9167,1.941012,1
1699.797191,4956.537849,2113.827678,DDH-066,0.35,335.12540847,-12.80870937,0,154.65,155,13.55557715,0.753888,1.196648,1
1684.969881,4935.783948,2105.276487,DDH-067,0.55,327.5425474,-10.88709366,0,142.4,142.95,12.05566331,8.661608,3.739512,1
1684.640548,4936.301851,2105.394557,DDH-067,0.7,327.55315512,-10.89158421,0,142.95,143.65,13.29943818,6.338928,1.342924,1
1684.192817,4937.006285,2105.55521,DDH-067,1,327.56758214,-10.89769078,0,143.65,144.65,7.9104,1.990484,0.892148,1
1683.797915,4937.627925,2105.697036,DDH-067,0.5,327.58031235,-10.90307837,0,144.65,145.15,13.62651839,1.992016,1.708584,1
1683.508413,4938.083844,2105.801087,DDH-067,0.6,327.58964814,-10.90702893,0,145.15,145.75,0.6,0.104,0.032,1
1683.205835,4938.56053,2105.909906,DDH-067,0.55,327.59940854,-10.91115877,0,145.75,146.3,11.39411806,7.108816,5.146944,1
1722.679859,4970.038975,1983.018841,DDH-068,0.4,349.35471767,29.78633139,0,181.1,181.5,0.006,0.004,0.007932,1
1722.567833,4970.636142,1982.671213,DDH-068,1,349.39540029,29.76553493,0,181.5,182.5,0.537,0.039776,0.039776,1
1722.440295,4971.318864,1982.274197,DDH-068,0.6,349.44187424,29.7417522,0,182.5,183.1,16.04521188,2.768924,1.92032,1
1722.364817,4971.724355,1982.038605,DDH-068,0.35,349.46945781,29.72762348,0,183.1,183.45,13.62486236,0.051876,0.01596,1
1670.273023,4931.826897,1981.617204,DDH-069,0.3,323.41052905,33.83063384,0,172.75,173.05,4.71174,0.831012,0.242544,1
1721.59513,4964.905821,2023.374726,DDH-070,0.3,345.92903067,18.46002433,0,159.8,160.1,6.82908,1.206072,1.030352,1
1721.520219,4965.204864,2023.271828,DDH-070,0.35,345.94433308,18.45578169,0,160.1,160.45,2.87196,0.88552,0.674112,1
1721.370632,4965.803032,2023.0661,DDH-070,0.95,345.97504199,18.4475094,0,160.45,161.4,13.2540703,2.519904,2.105892,1
1721.14684,4966.700484,2022.757674,DDH-070,1,346.02109999,18.43509167,0,161.4,162.4,13.06240869,3.741524,1.16474,1
1720.969457,4967.414015,2022.512659,DDH-070,0.55,346.05770559,18.4252132,0,162.4,162.95,11.41967707,1.921692,0.431484,1
2068.161102,5140.953566,2236.299544,DDH-071,1,22.47839572,-8.27840211,0,238.7,239.7,0.05988,0.063872,0.003992,1
1862.824512,5034.133056,2196.444731,DDH-072,1,316.10803665,2.29266132,0,157.22,158.22,20.90841904,1.3572,0.6688,1
1862.131854,5034.853213,2196.404622,DDH-072,1,316.12203229,2.3046637,0,158.22,159.22,22.67429424,14.13,6.6432,1
1861.439378,5035.573531,2196.364304,DDH-072,1,316.13602822,2.31666599,0,159.22,160.22,29.42807644,4.9268,3.1148,1
1860.747087,5036.294011,2196.323777,DDH-072,1,316.15002442,2.32866818,0,160.22,161.22,13.77127164,2.0268,1.7876,1
1860.054978,5037.014653,2196.283041,DDH-072,1,316.16402091,2.34067026,0,161.22,162.22,26.09737116,4.0428,3.1984,1
1859.363053,5037.735455,2196.242095,DDH-072,1,316.17801768,2.35267224,0,162.22,163.22,21.093324,5.638,4.8524,1
1858.671312,5038.456419,2196.20094,DDH-072,1,316.19201472,2.36467411,0,163.22,164.22,20.446839,16.3848,4.546,1
1857.979754,5039.177545,2196.159576,DDH-072,1,316.20601203,2.37667586,0,164.22,165.22,24.30030336,13.7824,5.9176,1
1857.288379,5039.898832,2196.118003,DDH-072,1,316.22000962,2.3886775,0,165.22,166.22,14.828671,8.176,5.5196,1
1856.597187,5040.62028,2196.076221,DDH-072,1,316.23400748,2.40067902,0,166.22,167.22,15.08364864,11.3252,7.3736,1
1855.906179,5041.34189,2196.034229,DDH-072,1,316.24800562,2.41268041,0,167.22,168.22,24.64162876,5.3728,4.3016,1
1855.215353,5042.063662,2195.992028,DDH-072,1,316.26200401,2.42468168,0,168.22,169.22,13.08886524,4.5272,3.8268,1
1854.524711,5042.785595,2195.949618,DDH-072,1,316.27600268,2.43668283,0,169.22,170.22,22.50268444,7.8416,4.7892,1
1853.77212,5043.572687,2195.903152,DDH-072,1.18,316.29126153,2.44976392,0,170.22,171.4,26.56206384,3.3268,2.5936,1
1853.019746,5044.35997,2195.856439,DDH-072,1,316.30652069,2.46284485,0,171.4,172.4,11.36442133,1.3116,1.9552,1
1852.329686,5045.082418,2195.813363,DDH-072,1,316.32052019,2.47484556,0,172.4,173.4,14.257999,1.1232,2.0548,1
1851.63981,5045.805028,2195.770078,DDH-072,1,316.33451995,2.48684613,0,173.4,174.4,13.46498533,0.4824,0.8704,1
1846.284834,5053.760586,2230.133674,DDH-073,1,318.0227002,-9.48449405,0,185,186,13.32128533,0.3112,0.5508,1
1845.625324,5054.493964,2230.298521,DDH-073,1,318.04871389,-9.49247336,0,186,187,13.781232,0.3432,0.6748,1
1844.96616,5055.227627,2230.463506,DDH-073,1,318.07472866,-9.50045072,0,187,188,13.710212,1.3836,0.5424,1
1844.307342,5055.961575,2230.628629,DDH-073,1,318.10074449,-9.5084261,0,188,189,10.302,0.4152,0.4472,1
1843.747618,5056.585655,2230.769092,DDH-073,0.7,318.12285879,-9.51520363,0,189,189.7,12.31386133,0.5556,0.7476,1
1737.106182,5019.740397,2248.332406,DDH-074,0.31,294.29308644,-11.41196307,0,259.17,259.48,11.58478055,0.319232,0.127692,1
1824.081796,5018.06058,2177.615934,DDH-075,0.8,358.2667142,23.41338275,0,57.6,58.4,13.259116,0.96,1.348,1
1824.059676,5018.794396,2177.298076,DDH-075,0.8,358.28002935,23.40803049,0,58.4,59.2,11.04,0.632,0.84,1
1824.037725,5019.528248,2176.980286,DDH-075,0.8,358.29334339,23.40267711,0,59.2,60,18.292236,1.456,2.572,1
1824.015926,5020.262132,2176.662566,DDH-075,0.8,358.30133531,23.39733376,0,60,60.8,12.47,0.308,0.48,1
1823.994179,5020.996044,2176.344916,DDH-075,0.8,358.30400577,23.39200124,0,60.8,61.6,8.64,0.564,1.052,1
1823.972464,5021.729986,2176.027334,DDH-075,0.8,358.30667602,23.38666867,0,61.6,62.4,13.59736288,1.254424,1.989776,1
1823.950783,5022.463959,2175.70982,DDH-075,0.8,358.30934606,23.38133605,0,62.4,63.2,10.87992,0.408244,0.757036,1
1773.241094,5005.031552,2176.622854,DDH-076,0.7,307.9176404,20.37059711,0,70.1,70.8,10.545,0.394944,0.529224,1
1772.686558,5005.463754,2176.36176,DDH-076,0.8,307.94763039,20.37562589,0,70.8,71.6,12.36963241,1.077536,1.570576,1
1772.095324,5005.925073,2176.083192,DDH-076,0.8,307.97962195,20.3809843,0,71.6,72.4,13.818112,1.062228,1.656756,1
1771.541295,5006.357844,2175.821971,DDH-076,0.7,308.00961612,20.38600252,0,72.4,73.1,0.11832,0.035488,0.011828,1
1746.238603,5017.233056,2229.666427,DDH-077,0.92,303.76812672,-16.26816646,0,99.4,100.32,0.05988,0.063896,0.003992,1
1718.071439,4980.621781,2183.611024,DDH-078,0.54,278.51304612,8.75485746,0,111.03,111.57,13.53217088,8.822364,6.395716,1
1717.191733,4980.75353,2183.474065,DDH-078,1.26,278.52204867,8.75126057,0,111.57,112.83,0.77106,0.170028,0.086992,1
1716.385346,4980.874422,2183.348569,DDH-078,0.39,278.53030087,8.74796323,0,112.83,113.22,0.41472,0.44234,0.161928,1
1716.048133,4980.925011,2183.296103,DDH-078,0.3,278.53375175,8.74658429,0,113.22,113.52,7.41696,0.229432,0.265032,1
1715.593632,4980.993229,2183.225401,DDH-078,0.63,278.53840289,8.74472566,0,113.52,114.15,0.23532,0.090196,0.011764,1
1714.797041,4981.112885,2183.101518,DDH-078,1,278.54655479,8.74146793,0,114.15,115.15,12.85647816,1.201904,0.4046,1
1811.752144,5041.791541,2225.684511,DDH-079,0.7,349.8457673,-16.13585118,0,81.5,82.2,16.10069646,1.224812,1.774004,1
1811.652242,5042.349437,2225.848433,DDH-079,0.48,349.84969587,-16.12601694,0,82.2,82.68,3.07812,0.157852,0.142068,1
1811.548989,5042.926282,2226.017809,DDH-079,0.74,349.85375719,-16.11584927,0,82.68,83.42,22.72732244,1.79976,2.709576,1
1784.696306,5025.035217,2222.208257,DDH-080,0.71,326.11269712,-15.59379001,0,75.59,76.3,13.06550961,0.5498,0.84462,1
1784.33116,5025.578964,2222.391025,DDH-080,0.65,326.12176307,-15.58925594,0,76.3,76.95,12.67790424,0.33992,0.06324,1
1791.108706,5017.013751,2181.407775,DDH-081,0.65,326.57524964,17.76293968,0,65.35,66,14.04606334,1.240096,2.048336,1
1790.820202,5017.450906,2181.23996,DDH-081,0.45,326.57839652,17.76765273,0,66,66.45,3.15546,0.109076,0.155824,1
1790.439949,5018.027162,2181.018682,DDH-081,1,326.58254493,17.77386532,0,66.45,67.45,5.39742,0.217476,0.383552,1
1854.738607,5027.16524,2178.627517,DDH-082,0.6,24.48732114,18.58782072,0,70.96,71.56,14.71473541,3.694268,2.906052,1
1854.929173,5027.583565,2178.472888,DDH-082,0.37,24.49539895,18.59590666,0,71.56,71.93,23.51877731,8.070944,6.070148,1
1855.06083,5027.872484,2178.366045,DDH-082,0.3,24.50097892,18.60149159,0,71.93,72.23,11.2110546,2.341192,1.1666,1
1855.198407,5028.174316,2178.254385,DDH-082,0.4,24.50680913,18.60732641,0,72.23,72.63,14.05185147,1.906848,1.234076,1
1855.349772,5028.506303,2178.131519,DDH-082,0.37,24.51322283,18.61374452,0,72.63,73,23.67673471,0.864392,0.38858,1
1855.577862,5029.006383,2177.946346,DDH-082,0.79,24.52288593,18.62341295,0,73,73.79,11.21501633,1.107116,0.3757,1
1856.026385,5029.989104,2177.582115,DDH-082,1.49,24.54188215,18.64241498,0,73.79,75.28,0.17892,0.107356,0.007952,1
1856.48109,5030.984491,2177.212726,DDH-082,0.82,24.56113266,18.66166509,0,75.28,76.1,0.11796,0.098308,0.003932,1
1856.804083,5031.691012,2176.950253,DDH-082,0.82,24.57480233,18.67533065,0,76.1,76.92,3.77244,0.271456,0.11976,1
1857.024745,5032.173437,2176.770897,DDH-082,0.3,24.58413898,18.68466265,0,76.92,77.22,12.21261726,2.17494,1.548464,1
1857.286868,5032.746236,2176.557798,DDH-082,1.03,24.59522759,18.6957438,0,77.22,78.25,1.248,0.138668,0.027732,1
1857.67727,5033.598811,2176.240329,DDH-082,0.95,24.61173811,18.71223932,0,78.25,79.2,25.36032037,0.523164,0.107828,1
1858.010657,5034.326359,2175.969143,DDH-082,0.74,24.62583296,18.72631768,0,79.2,79.94,12.4416,0.508,0.12,1
1858.257342,5034.864396,2175.768436,DDH-082,0.51,24.63625964,18.73672998,0,79.94,80.45,12.67198785,0.798404,0.27944,1
1858.539651,5035.479814,2175.538694,DDH-082,0.92,24.64818933,18.74864092,0,80.45,81.37,2.62008,0.27392,0.103216,1
1858.835896,5036.125249,2175.297555,DDH-082,0.58,24.66070478,18.76113409,0,81.37,81.95,10.39510972,15.24862,11.164168,1
1859.118428,5036.740459,2175.067525,DDH-082,0.85,24.67263789,18.77304345,0,81.95,82.8,11.18521473,2.555204,1.660096,1
1859.484102,5037.53621,2174.769724,DDH-082,1,24.68807829,18.78844952,0,82.8,83.8,29.63822261,0.92344,0.217048,1
1859.879629,5038.39629,2174.447511,DDH-082,1,24.70477375,18.80510325,0,83.8,84.8,29.9367471,0.497412,0.155192,1
1860.267452,5039.238976,2174.131475,DDH-082,0.96,24.72113847,18.82142241,0,84.8,85.76,8.62542,0.834976,0.208744,1
1860.524794,5039.797795,2173.921714,DDH-082,0.34,24.73199434,18.83224554,0,85.76,86.1,10.76896983,1.21488,0.613376,1
1860.770343,5040.330744,2173.721524,DDH-082,0.9,24.74235045,18.84256852,0,86.1,87,23.01195231,1.03146,1.055356,1
1861.077393,5040.996824,2173.471139,DDH-082,0.65,24.75529734,18.85547141,0,87,87.65,19.06327624,1.513708,2.010328,1
1861.281504,5041.439379,2173.304662,DDH-082,0.38,24.76390184,18.86404507,0,87.65,88.03,15.83224423,0.913764,1.024524,1
1830.940939,5017.808503,2154.700269,DDH-083,0.59,4.7284026,40.97234843,0,70.03,70.62,11.58478055,1.105348,1.328812,1
1830.983572,5018.323936,2154.251118,DDH-083,0.78,4.7284026,40.97234843,0,70.62,71.4,5.57778,0.415832,0.759696,1
1809.463041,5010.271659,2158.636014,DDH-084,0.75,340.25104524,42.55130512,0,64.75,65.5,13.74412097,0.471248,1.030352,1
1809.282615,5010.774315,2158.145699,DDH-084,0.7,340.25827307,42.55856111,0,65.5,66.2,13.84047844,0.407024,0.965684,1
1809.102274,5011.276935,2157.655316,DDH-084,0.75,340.26550258,42.56581665,0,66.2,66.95,8.97384,0.293184,0.60618,1
1808.959305,5011.675539,2157.266344,DDH-084,0.4,340.27123753,42.57157072,0,66.95,67.35,22.19136218,2.177548,0.417992,1
1718.175703,5000.33103,2227.19835,DDH-085,0.7,288.83047292,-12.20149518,0,116.1,116.8,0.71628,0.198964,0.091524,1
1906.175113,4990.647609,1782.791462,DDH-086,0.77,308.52613,-17.18906,0,214.9,215.67,24.85660687,0.004,0.009968,1
1905.558523,4991.138526,1783.035271,DDH-086,0.88,308.52613,-17.18906,0,215.67,216.55,24.96309995,0.170304,0.102024,1
1904.986777,4991.59374,1783.261348,DDH-086,0.65,308.52613,-17.18906,0,216.55,217.2,21.67429774,0.090112,0.015948,1
1904.482294,4991.995399,1783.460828,DDH-086,0.7,308.52613,-17.18906,0,217.2,217.9,22.27662795,0.543972,0.063668,1
1903.891863,4992.465489,1783.694293,DDH-086,0.88,308.52613,-17.18906,0,217.9,218.78,20.20206366,0.483292,0.13604,1
1818.938651,4990.114001,1883.562259,DDH-087,0.4,350.74817822,-13.90482731,0,92.25,92.65,24.00099996,0.610556,0.728908,1
1849.124239,5008.786466,1886.716286,DDH-088,0.69,9.1521,-13.73979,0,109.97,110.66,6.1554,0.247012,0.0996,1
1849.221576,5009.390647,1886.865919,DDH-088,0.57,9.1521,-13.73979,0,110.66,111.23,17.05404287,0.767416,0.712316,1
1849.318914,5009.994829,1887.015552,DDH-088,0.69,9.1521,-13.73979,0,111.23,111.92,21.68714287,0.502392,0.199364,1
1849.413934,5010.584625,1887.161622,DDH-088,0.54,9.1521,-13.73979,0,111.92,112.46,16.9618754,0.863024,0.985748,1
1849.489642,5011.054544,1887.278004,DDH-088,0.44,9.1521,-13.73979,0,112.46,112.9,10.48116328,1.250996,1.147412,1
1836.737855,4976.02784,1843.126812,DDH-089,1,1.91598262,13.45812688,0,75.8,76.8,10.5948403,4.08692,6.38756,1
1836.759632,4976.674233,1842.972136,DDH-089,0.33,1.94317669,13.44174264,0,76.8,77.13,19.41153768,2.405264,3.605904,1
1836.770387,4976.990152,1842.89661,DDH-089,0.32,1.95646566,13.43373426,0,77.13,77.45,0.47964,0.055956,0.019984,1
1836.789932,4977.558827,1842.760774,DDH-089,0.85,1.98038352,13.41931743,0,77.45,78.3,15.35594244,2.107784,2.151696,1
1836.8179,4978.36085,1842.569454,DDH-089,0.8,2.01410888,13.39898224,0,78.3,79.1,15.63708704,0.866612,1.142172,1
1836.845822,4979.148343,1842.381888,DDH-089,0.82,2.04721536,13.3790125,0,79.1,79.92,17.50284366,0.858968,1.562124,1
1836.865042,4979.68309,1842.254685,DDH-089,0.28,2.06985878,13.36532267,0,79.92,80.2,13.92,0.64,1.556,1
1809.297252,4968.452377,1844.538998,DDH-090,0.9,339.33318362,12.97396445,0,73.45,74.35,12.88849695,0.559552,0.607512,1
1809.048068,4969.113463,1844.376223,DDH-090,0.55,339.36085235,12.97512526,0,74.35,74.9,6.70392,0.195532,0.059856,1
1808.833512,4969.683458,1844.235888,DDH-090,0.7,339.38470492,12.97612361,0,74.9,75.6,11.58042811,0.662412,0.387072,1
1824.170967,4967.755273,1817.573524,DDH-091,0.7,351.47846542,33.48776596,0,79.6,80.3,20.9303511,1.104024,2.730172,1
1824.078445,4968.373932,1817.159755,DDH-091,0.8,351.50900883,33.47781295,0,80.3,81.1,20.78338791,0.434784,0.067812,1
1823.983161,4969.013341,1816.732314,DDH-091,0.75,351.53943571,33.46697019,0,81.1,81.85,15.39219761,0.98008,0.494024,1
1848.546959,4977.314291,1816.64971,DDH-092,1,11.27583855,29.82985701,0,87.85,88.85,17.84965753,5.261696,8.243456,1
1848.71694,4978.165044,1816.152386,DDH-092,1,11.32204967,29.816161,0,88.85,89.85,12.11039741,2.42606,3.085532,1
1848.849165,4978.824365,1815.767101,DDH-092,0.55,11.35901642,29.80613917,0,89.85,90.4,18.34297317,1.094308,0.21886,1
1848.981866,4979.483647,1815.381912,DDH-092,1,11.40201892,29.79924392,0,90.4,91.4,16.17057491,1.66732,0.83562,1
1970.582716,5032.13315,1846.088122,DDH-093,1,176.44682699,17.15822512,0,47.45,48.45,10.1200642,1.06858,1.283892,1
1938.765575,5029.994819,1845.662727,DDH-094,0.65,210.44210085,14.60857922,0,56.45,57.1,16.27749057,0.278108,0.05562,1
1938.422309,5029.410879,1845.486144,DDH-094,0.75,210.45578032,14.61431541,0,57.1,57.85,23.28031552,0.270484,0.091488,1
1938.017577,5028.722788,1845.27794,DDH-094,0.9,210.47190346,14.62107489,0,57.85,58.75,20.72406097,1.378624,1.148192,1
1937.588118,5027.993143,1845.057015,DDH-094,0.85,210.48900484,14.62824282,0,58.75,59.6,21.63948444,1.213208,0.501192,1
1937.232126,5027.388694,1844.873882,DDH-094,0.6,210.50317538,14.63418101,0,59.6,60.2,18.52260798,3.856132,4.46934,1
1971.219837,5025.256916,1878.220793,DDH-095,0.5,176.11810315,-18.18797376,0,55.15,55.65,19.35316133,1.563,1.76236,1
1971.258347,5024.688203,1878.408096,DDH-095,0.7,176.13432093,-18.19234738,0,55.65,56.35,27.04082155,1.245508,1.317364,1
1971.296694,5024.119494,1878.595443,DDH-095,0.5,176.15053951,-18.19671965,0,56.35,56.85,14.8860303,2.06058,2.307692,1
1971.339642,5023.4797,1878.806259,DDH-095,0.85,176.16878639,-18.20163681,0,56.85,57.7,21.74305944,1.420636,0.940476,1
1971.393432,5022.67404,1879.071811,DDH-095,0.85,176.19176538,-18.20782634,0,57.7,58.55,15.43302808,1.004784,0.163476,1
1971.450033,5021.820995,1879.353078,DDH-095,0.95,176.21609783,-18.21437696,0,58.55,59.5,11.09024272,2.114468,0.38156,1
1971.496921,5021.110129,1879.587542,DDH-095,0.55,176.23637624,-18.21983347,0,59.5,60.05,21.14227959,1.455848,1.15354,1
1936.839367,5026.046407,1900.040707,DDH-096,0.95,210.40232891,-33.02419751,0,70.25,71.2,13.69893511,1.019516,0.67702,1
1936.425151,5025.341927,1900.572484,DDH-096,1,210.50660282,-33.08037416,0,71.2,72.2,13.42805722,0.98328,0.784236,1
1936.105835,5024.800847,1900.982083,DDH-096,0.5,210.58690574,-33.12352872,0,72.2,72.7,14.08324214,0.689516,0.143484,1
1954.701167,5031.888713,1846.434026,DDH-097,0.3,194.31699246,16.23524679,0,49.3,49.6,1.91772,0.0839,0.023972,1
1954.629906,5031.609632,1846.350139,DDH-097,0.3,194.33088359,16.23971074,0,49.6,49.9,12.38320981,0.347964,0.0949,1
1954.475303,5031.005027,1846.168332,DDH-097,1,194.35367357,16.24255507,0,49.9,50.9,25.87357784,0.341,0.190324,1
1857.351565,5000.263435,2073.5,DDH-098,0.95,315,0,0,142.9,143.85,6.36,2.601452,1.836,1
1856.72224,5000.89276,2073.5,DDH-098,0.83,315,0,0,143.85,144.68,13.8368,0.965624,0.328,1
1856.227265,5001.387735,2073.5,DDH-098,0.57,315,0,0,144.68,145.25,14.441424,10.467544,10.52,1
1855.79593,5001.81907,2073.5,DDH-098,0.65,315,0,0,145.25,145.9,6.18,0.608476,0.352,1
1855.240852,5002.374149,2073.5,DDH-098,0.92,315,0,0,145.9,146.82,4.98,0.365968,0.16,1
1854.374646,5003.240354,2073.5,DDH-098,1.53,315,0,0,146.82,148.35,12.06613333,0.537928,0.104,1
1853.37409,5004.24091,2073.5,DDH-098,1.3,315,0,0,148.35,149.65,0.42,0.061728,0.024,1
1852.737694,5004.877307,2073.5,DDH-098,0.5,315,0,0,149.65,150.15,10.518636,2.001796,1.92,1
1852.172008,5005.442992,2073.5,DDH-098,1.1,315,0,0,150.15,151.25,20.239104,5.740836,4.684,1
1851.429546,5006.185454,2073.5,DDH-098,1,315,0,0,151.25,152.25,12.894444,2.151712,0.612,1
1850.835576,5006.779424,2073.5,DDH-098,0.68,315,0,0,152.25,152.93,11.83,4.510656,4.42,1
1850.050688,5007.564312,2073.5,DDH-098,1.54,315,0,0,152.93,154.47,13.044096,3.897772,3.268,1
1970.503132,5044.329302,1998.65,DDH-099,1.45,320,0,0,162.45,163.9,23.552256,1.243408,0.12,1
1969.747856,5045.229404,1998.65,DDH-099,0.9,320,0,0,163.9,164.8,12.1024,1.199316,0.076,1
1969.201487,5045.880542,1998.65,DDH-099,0.8,320,0,0,164.8,165.6,17.943936,1.781336,0.272,1
1968.799745,5046.35932,1998.65,DDH-099,0.45,320,0,0,165.6,166.05,12.0988,1.69756,0.56,1
1968.365863,5046.8764,1998.65,DDH-099,0.9,320,0,0,166.05,166.95,12.35053333,1.15522,0.368,1
1967.835563,5047.508386,1998.65,DDH-099,0.75,320,0,0,166.95,167.7,18.8256,4.506248,2.012,1
1967.257054,5048.197826,1998.65,DDH-099,1.05,320,0,0,167.7,168.75,24.802444,2.74696,1.48,1
1966.710685,5048.848964,1998.65,DDH-099,0.65,320,0,0,168.75,169.4,20.01,2.081164,0.448,1
1966.083967,5049.595858,1998.65,DDH-099,1.3,320,0,0,169.4,170.7,14.0672,0.58202,0.16,1
1965.617946,5050.15124,1998.65,DDH-099,0.15,320,0,0,170.7,170.85,12.93013333,1.51678,1.656,1
1731.950638,4984.312016,2136.33793,DDH-100,1.07,311.1960373,0.50459608,0,338.25,339.32,0.54,0.1,0.044,1
1731.423945,4984.77309,2136.331743,DDH-100,0.33,311.20263989,0.50811876,0,339.32,339.65,13.4668,0.636,1.24,1
1852.84788,5005.93352,2043.542002,DDH-101,1,347.50291435,-22.36136274,0,108.7,109.7,12.12396623,5.37236,7.2043,1
1852.678,5006.701037,2043.865333,DDH-101,0.7,347.53618313,-22.3546714,0,109.7,110.4,17.60014119,2.44214,3.39984,1
1852.508558,5007.46869,2044.188571,DDH-101,1,347.56944873,-22.34797327,0,110.4,111.4,16.52392346,2.535944,3.210864,1
1852.309774,5008.371985,2044.568735,DDH-101,1,347.60858059,-22.34008443,0,111.4,112.4,14.82171157,1.46624,1.26648,1
1852.111596,5009.275467,2044.948771,DDH-101,1,347.64770796,-22.3321862,0,112.4,113.4,18.13077311,3.280192,3.519332,1
1851.914023,5010.179138,2045.32868,DDH-101,1,347.68683081,-22.3242786,0,113.4,114.4,18.04471712,3.860912,4.636292,1
1792.266122,4993.754266,2051.451812,DDH-102,0.75,316.60874758,-22.82359127,0,130.8,131.55,3.7485,6.953588,0.1547,1
1791.886285,4994.156175,2051.684594,DDH-102,0.45,316.62585964,-22.83323851,0,131.55,132,15.88432332,2.14968,1.126592,1
1755.069619,4974.702008,2036.746775,DDH-103,0.35,300.45532287,-15.47992875,0,144.15,144.5,12.59800558,1.364176,0.933176,1
1754.508946,4975.031803,2036.927066,DDH-103,1,300.47387238,-15.50327598,0,144.5,145.5,21.381516,1.212,1.62,1
1753.678636,4975.520651,2037.194648,DDH-103,1,300.50136097,-15.53786179,0,145.5,146.5,17.12023326,4.020784,4.236612,1
1753.05615,4975.887494,2037.395717,DDH-103,0.5,300.52198356,-15.56379901,0,146.5,147,11.62386855,1.723312,1.079568,1
1814.495682,5000.327234,1985.808645,DDH-104,1,326.58623886,7.76670789,0,112.3,113.3,14.46409497,1.869856,2.097216,1
1813.950236,5001.154402,1985.673471,DDH-104,1,326.6110397,7.77071287,0,113.3,114.3,26.16953536,0.602456,0.126832,1
1813.405154,5001.981799,1985.538228,DDH-104,1,326.63584102,7.77471642,0,114.3,115.3,21.79913007,0.571772,0.159936,1
1812.860435,5002.809424,1985.402916,DDH-104,1,326.66064282,7.77871853,0,115.3,116.3,18.38580553,0.988096,0.6627,1
1812.424922,5003.471688,1985.294616,DDH-104,0.6,326.68048459,7.78191917,0,116.3,116.9,18.8704558,1.983272,1.816008,1
1769.653866,4971.369747,1994.432197,DDH-105,0.75,302.23232673,1.28896046,0,125.2,125.95,8.33334,1.001564,0.766824,1
1769.061918,4971.743043,1994.416455,DDH-105,0.65,302.24063716,1.28823717,0,125.95,126.6,21.0349505,2.351544,1.318288,1
1768.491163,4972.103088,1994.401284,DDH-105,0.7,302.24865079,1.28753968,0,126.6,127.3,21.56632261,0.472812,0.07092,1
1767.772506,4972.556592,1994.382191,DDH-105,1,302.25874202,1.28666133,0,127.3,128.3,13.37030992,0.34198,0.086476,1
1766.927128,4973.090288,1994.359745,DDH-105,1,302.27061405,1.28562792,0,128.3,129.3,20.47323432,0.574484,0.142632,1
1766.081861,4973.624159,1994.337318,DDH-105,1,302.28248608,1.28459446,0,129.3,130.3,15.57573751,0.7902,0.15804,1
1765.363471,4974.078088,1994.318269,DDH-105,0.7,302.29257729,1.28371597,0,130.3,131,19.61403972,0.736344,0.118764,1
1764.898673,4974.371874,1994.30595,DDH-105,0.4,302.29910689,1.28314751,0,131,131.4,2.63682,0.06792,0.019976,1
1764.30716,4974.74586,1994.290279,DDH-105,1,302.30741729,1.282424,0,131.4,132.4,24.55286115,0.419304,0.05538,1
1763.588967,4975.200102,1994.271262,DDH-105,0.7,302.31750849,1.28154542,0,132.4,133.1,20.09143744,0.4502,0.05976,1
1762.997573,4975.574278,1994.25561,DDH-105,0.7,302.32581887,1.28082185,0,133.1,133.8,11.74102353,7.553192,8.412136,1
1762.511826,4975.881702,1994.242761,DDH-105,0.45,302.33264526,1.28022746,0,133.8,134.25,17.54331315,2.003192,2.186752,1
1877.547073,5006.510126,2048.317643,DDH-106,0.55,0.20352973,-25.19772747,0,108.85,109.4,12.72606445,3.906432,2.97076,1
1877.548773,5006.985195,2048.541087,DDH-106,0.5,0.20650137,-25.18109746,0,109.4,109.9,14.27717245,6.95322,4.038384,1
1827.768762,4992.885326,2055.639023,DDH-107,1,330.40620466,-28.77446448,0,111.95,112.95,14.53308862,4.0615,3.785944,1
1827.336311,4993.647589,2056.120592,DDH-107,1,330.45913501,-28.80243194,0,112.95,113.95,15.41243497,3.69114,4.265764,1
1826.904679,4994.41005,2056.60259,DDH-107,1,330.51209344,-28.83037858,0,113.95,114.95,15.63719407,3.45462,4.89804,1
1826.473864,4995.172709,2057.085019,DDH-107,1,330.56507988,-28.85830431,0,114.95,115.95,10.79717219,3.085488,3.180916,1
1826.033128,4995.954642,2057.579955,DDH-107,1.05,330.61941999,-28.88690638,0,115.95,117,12.72655005,3.817892,3.682108,1
1825.593251,4996.736783,2058.075344,DDH-107,1,330.67378938,-28.91548631,0,117,118,16.69822174,3.35458,3.486056,1
1825.164931,4997.500051,2058.559085,DDH-107,1,330.72686083,-28.94334774,0,118,119,17.74418624,3.787456,4.314824,1
1824.716075,4998.301697,2059.067478,DDH-107,1.1,330.78261571,-28.97257936,0,119,120.1,24.13504255,0.76278,0.4992,1
1824.374685,4998.91262,2059.455123,DDH-107,0.5,330.82176422,-28.98866113,0,120.1,120.6,13.4661806,3.548904,4.53094,1
1824.140228,4999.332712,2059.721702,DDH-107,0.6,330.84572165,-28.99425374,0,120.6,121.2,18.65009041,3.554048,3.79338,1
1823.83146,4999.886582,2060.073171,DDH-107,0.85,330.87730603,-29.00161937,0,121.2,122.05,1.31892,0.107912,0.071944,1
1823.501762,5000.478793,2060.448968,DDH-107,0.7,330.91107381,-29.00948485,0,122.05,122.75,1.01472,0.135296,0.11142,1
1823.257389,5000.91827,2060.727845,DDH-107,0.45,330.93613077,-29.01531511,0,122.75,123.2,20.80899405,3.2113,3.91564,1
1822.949562,5001.472508,2061.079543,DDH-107,1,330.9677285,-29.0226597,0,123.2,124.2,18.47941923,3.206716,3.410636,1
1822.578484,5002.141587,2061.504114,DDH-107,0.75,331.00586985,-29.03151407,0,124.2,124.95,19.58739795,3.268156,3.455708,1
1822.303136,5002.638738,2061.819584,DDH-107,0.55,331.03420777,-29.03808465,0,124.95,125.5,22.279474,3.947264,3.863364,1
1865.83006,4990.20738,2015.077801,DDH-108,0.9,352.55732886,-9.99710356,0,83.9,84.8,20.09730113,1.315264,0.526108,1
1865.70908,4991.135095,2015.242746,DDH-108,1,352.58309385,-10.00041183,0,84.8,85.8,15.58603263,7.454256,5.477328,1
1865.613865,4991.867532,2015.373004,DDH-108,0.5,352.60343503,-10.00302223,0,85.8,86.3,11.66664125,1.9628,1.867828,1
1865.512591,4992.648828,2015.511983,DDH-108,1.1,352.62513268,-10.0058053,0,86.3,87.4,10.45509987,2.816844,2.610252,1
1865.380118,4993.674327,2015.69445,DDH-108,1,352.65361145,-10.00945594,0,87.4,88.4,14.02043038,2.79984,3.236696,1
1865.282669,4994.431276,2015.829171,DDH-108,0.55,352.67463192,-10.01214891,0,88.4,88.95,15.39565111,3.338532,4.02886,1
1865.198021,4995.090579,2015.946537,DDH-108,0.8,352.69294037,-10.01449333,0,88.95,89.75,0.47808,0.067728,0.043824,1
1865.101093,4995.847583,2016.081325,DDH-108,0.75,352.71396151,-10.01718383,0,89.75,90.5,13.27269484,4.925664,5.798124,1
1864.991992,4996.702301,2016.233547,DDH-108,1,352.73769547,-10.02021991,0,90.5,91.5,23.47771202,1.385828,1.681104,1
1864.867741,4997.679167,2016.407572,DDH-108,1,352.76482053,-10.02368765,0,91.5,92.5,16.47203595,2.664276,3.3413,1
1864.737776,4998.704928,2016.590362,DDH-108,1.1,352.79330244,-10.0273264,0,92.5,93.6,21.38140879,2.458032,3.085532,1
1864.614476,4999.681895,2016.764509,DDH-108,0.9,352.82042862,-10.03078961,0,93.6,94.5,15.24362707,1.827228,1.890924,1
1864.49777,5000.610058,2016.930004,DDH-108,1,352.84619899,-10.03407762,0,94.5,95.5,6.36294,0.616652,0.64022,1
1864.415101,5001.269569,2017.047625,DDH-108,0.35,352.8645098,-10.03641263,0,95.5,95.85,11.25356732,1.088952,0.773832,1
1864.372319,5001.611547,2017.108625,DDH-108,0.35,352.87400439,-10.03762298,0,95.85,96.2,0.59736,0.059736,0.023896,1
1864.286926,5002.295521,2017.230646,DDH-108,1.05,352.89299375,-10.04004285,0,96.2,97.25,0.35532,0.055272,0.027636,1
1864.189611,5003.077235,2017.370135,DDH-108,0.55,352.91469617,-10.0428071,0,97.25,97.8,1.2921,0.125292,0.1018,1
1864.095621,5003.83455,2017.505301,DDH-108,1,352.93572069,-10.04548361,0,97.8,98.8,14.67035422,2.227544,2.958084,1
1864.004928,5004.567465,2017.636141,DDH-108,0.5,352.95606728,-10.04807252,0,98.8,99.3,15.82616827,1.256896,1.087472,1
1863.935573,5005.129385,2017.736474,DDH-108,0.65,352.97166651,-10.0500565,0,99.3,99.95,12.8358707,1.716328,2.065952,1
1863.863371,5005.715758,2017.841207,DDH-108,0.55,352.99081013,-10.05962276,0,99.95,100.5,0.77256,0.03962,0.031696,1
1863.770458,5006.47316,2017.976773,DDH-108,1,353.02171101,-10.08811621,0,100.5,101.5,0.23724,0.043496,0.019772,1
1863.660109,5007.377124,2018.139073,DDH-108,0.85,353.05860037,-10.12212121,0,101.5,102.35,0.29484,0.035376,0.015724,1
1863.565151,5008.158904,2018.279875,DDH-108,0.75,353.09051137,-10.15152798,0,102.35,103.1,11.99256487,5.612568,4.482896,1
1838.468747,4997.814031,2022.194975,DDH-109,1,337.99913677,-13.88246988,0,99.7,100.7,11.71552849,2.107356,3.204772,1
1838.105378,4998.714206,2022.435193,DDH-109,1,338.03642732,-13.91546617,0,100.7,101.7,10.72220921,2.744316,3.426408,1
1837.833271,4999.389403,2022.615721,DDH-109,0.5,338.06440253,-13.94020995,0,101.7,102.2,10.47650337,1.971384,3.481716,1
1837.652068,4999.839566,2022.736247,DDH-109,0.5,338.08305615,-13.95670415,0,102.2,102.7,13.20003769,4.104596,4.362124,1
1837.50722,5000.199713,2022.832769,DDH-109,0.3,338.09798103,-13.96989856,0,102.7,103,3.1686,0.23914,0.23914,1
1837.398652,5000.469835,2022.905218,DDH-109,0.3,338.10917586,-13.9797938,0,103,103.3,6.6282,0.80812,0.378184,1
1837.163618,5001.055128,2023.062364,DDH-109,1,338.13343474,-14.00123183,0,103.3,104.3,11.78740664,3.992032,2.378488,1
1836.865696,5001.798062,2023.262157,DDH-109,0.65,338.16423157,-14.02843834,0,104.3,104.95,14.16033874,3.205436,2.42606,1
1836.649299,5002.33842,2023.407699,DDH-109,0.55,338.18663399,-14.04822256,0,104.95,105.5,12.7689985,3.322736,1.399048,1
1836.469145,5002.788746,2023.529137,DDH-109,0.45,338.2053057,-14.0647079,0,105.5,105.95,1.13592,0.107612,0.051812,1
1836.208206,5003.441764,2023.70547,DDH-109,1,338.23238456,-14.08860919,0,105.95,106.95,13.85593911,2.933544,2.174596,1
1835.821915,5004.410129,2023.967468,DDH-109,1.15,338.27254659,-14.12404362,0,106.95,108.1,19.06533645,1.671976,0.668788,1
1835.436365,5005.378612,2024.230109,DDH-109,1,338.31272129,-14.15947152,0,108.1,109.1,12.98928222,1.101496,0.562548,1
1835.123092,5006.166998,2024.444363,DDH-109,0.75,338.34543094,-14.18830331,0,109.1,109.85,19.81154366,0.903708,0.931332,1
1834.872826,5006.797763,2024.616073,DDH-109,0.65,338.37160467,-14.21136557,0,109.85,110.5,4.92678,0.237436,0.308668,1
1810.15148,4988.393641,2013.673593,DDH-110,0.3,321.50639396,-8.05485549,0,105.65,105.95,9.19206,0.971896,0.476192,1
1809.935827,4988.664902,2013.722677,DDH-110,0.4,321.52392296,-8.06881264,0,105.95,106.35,3.11502,0.335464,0.19968,1
1809.50479,4989.207594,2013.821099,DDH-110,1,321.55898453,-8.09672466,0,106.35,107.35,23.62504909,1.394516,1.35876,1
1808.92039,4989.944469,2013.955212,DDH-110,0.9,321.60657569,-8.13460033,0,107.35,108.25,21.2089493,0.42952,0.128856,1
1808.336654,4990.681763,2014.089947,DDH-110,1,321.65417552,-8.17247021,0,108.25,109.25,26.25079196,0.674024,0.32716,1
1807.722912,4991.458316,2014.232446,DDH-110,1,321.70428992,-8.21232687,0,109.25,110.25,13.4426239,1.090692,1.038752,1
1807.109899,4992.23532,2014.375631,DDH-110,1,321.75218354,-8.25171571,0,110.25,111.25,20.06989297,0.917396,0.103256,1
1806.497591,4993.012748,2014.519492,DDH-110,1,321.79934351,-8.29094548,0,111.25,112.25,15.9127964,0.657688,0.269412,1
1805.885988,4993.790597,2014.664031,DDH-110,1,321.84651324,-8.33017,0,112.25,113.25,22.55997185,0.623752,0.255896,1
1805.275089,4994.568868,2014.809246,DDH-110,1,321.89369267,-8.36938916,0,113.25,114.25,22.64798051,0.526936,0.208416,1
1804.664894,4995.347562,2014.955138,DDH-110,1,321.94088174,-8.40860283,0,114.25,115.25,19.20725894,2.286284,2.727636,1
1804.116321,4996.048749,2015.08702,DDH-110,0.8,321.98336009,-8.44389035,0,115.25,116.05,21.95119878,1.434816,1.176472,1
1775.83027,4976.241741,2010.112441,DDH-111,0.63,304.40856551,-4.47222393,0,122.65,123.28,13.92799177,4.528452,3.418224,1
1775.254542,4976.636161,2010.166924,DDH-111,0.77,304.41990952,-4.45586112,0,123.28,124.05,14.00184962,0.694332,0.514764,1
1774.617204,4977.072983,2010.227012,DDH-111,0.78,304.43246838,-4.43774494,0,124.05,124.83,21.47821464,0.43188,0.157048,1
1773.926503,4977.546612,2010.291864,DDH-111,0.9,304.44607987,-4.4181091,0,124.83,125.73,17.27599942,0.856804,0.257836,1
1773.240007,4978.017596,2010.356046,DDH-111,0.77,304.45960962,-4.39858989,0,125.73,126.5,19.29629631,0.692952,0.19116,1
1772.594703,4978.460537,2010.416126,DDH-111,0.8,304.47232856,-4.38023928,0,126.5,127.3,12.15396044,0.871452,0.619084,1
1740.889,4970.844768,1980.072405,DDH-112,1,296.9953192,11.3104934,0,151.6,152.6,12.90634006,2.14454,2.411628,1
1740.015474,4971.290108,1979.875883,DDH-112,1,297.03126098,11.35680309,0,152.6,153.6,16.18155937,1.12916,0.891444,1
1797.433209,4993.648162,1949.165968,DDH-113,0.45,318.75710363,23.4202153,0,128.5,128.95,10.1367,8.414064,1.472656,1
1796.994749,4994.148556,1948.87789,DDH-113,1,318.79117681,23.40470859,0,128.95,129.95,10.11643614,0.753828,0.10208,1
1796.405471,4994.821997,1948.490763,DDH-113,0.95,318.83336413,23.38217985,0,129.95,130.9,14.6854443,0.448768,0.071484,1
1796.012817,4995.271247,1948.232887,DDH-113,0.35,318.85835596,23.36571982,0,130.9,131.25,12.72666726,0.772888,0.653984,1
1795.695781,4995.634269,1948.024728,DDH-113,0.7,318.8785372,23.35242225,0,131.25,131.95,26.429187,0.178856,0.035772,1
1795.288306,4996.101227,1947.757261,DDH-113,0.65,318.90447862,23.33532154,0,131.95,132.6,14.91387883,0.373608,0.202704,1
1794.896073,4996.551121,1947.499874,DDH-113,0.65,318.92945299,23.31885011,0,132.6,133.25,13.34522581,1.40016,1.193316,1
1757.159612,4983.904072,1950.877061,DDH-114,0.68,300.92604269,21.04760693,0,150.58,151.26,13.19151404,0.958468,1.277956,1
1756.639165,4984.215692,1950.643543,DDH-114,0.62,300.89658291,21.06152423,0,151.26,151.88,15.33548123,2.430168,3.403832,1
1756.226733,4984.46238,1950.458421,DDH-114,0.41,300.87323773,21.07254745,0,151.88,152.29,9.40494,2.69968,0.630992,1
1755.738131,4984.754332,1950.239031,DDH-114,0.81,300.84558161,21.08559996,0,152.29,153.1,10.0897204,2.311376,2.011976,1
1755.101201,4985.134434,1949.952911,DDH-114,0.78,300.80953061,21.10260434,0,153.1,153.88,11.96653333,1.016,0.484,1
1724.563384,4964.429907,1938.774876,DDH-115,0.65,289.23110414,22.46955735,0,174.15,174.8,20.44968174,0.879468,0.906948,1
1724.083492,4964.597218,1938.564618,DDH-115,0.45,289.21044275,22.48147547,0,174.8,175.25,21.98608841,0.373908,0.159108,1
1723.559951,4964.779526,1938.335125,DDH-115,0.75,289.18789899,22.49447406,0,175.25,176,17.2111412,1.677852,1.294908,1
1769.492949,4965.847575,1897.035833,DDH-116,0.7,293.75026,43.40531048,0,160.25,160.95,6.23748,0.19592,0.079968,1
1769.143849,4966.001162,1896.675049,DDH-116,0.35,293.74419442,43.4137718,0,160.95,161.3,14.4124018,1.129288,0.921788,1
1768.728297,4966.183928,1896.24547,DDH-116,0.9,293.73697129,43.4238444,0,161.3,162.2,19.93631913,2.36632,2.685556,1
1768.312791,4966.366611,1895.815811,DDH-116,0.35,293.72974575,43.43391654,0,162.2,162.55,1.73652,0.111776,0.05988,1
1767.864096,4966.563816,1895.35169,DDH-116,1,293.72193947,43.44479395,0,162.55,163.55,13.38511367,1.413216,1.51274,1
1767.26592,4966.826605,1894.732718,DDH-116,0.8,293.71152671,43.45929634,0,163.55,164.35,13.64061198,4.96612,2.93344,1
1766.66784,4967.089223,1894.113581,DDH-116,1,293.70110896,43.47379779,0,164.35,165.35,17.07863154,4.375748,5.875548,1
1766.119684,4967.329805,1893.545893,DDH-116,0.65,293.69155496,43.48708995,0,165.35,166,24.188556,1.632,1.952,1
1832.908426,5007.866707,1914.783793,DDH-117,0.4,334.1114412,39.0752973,0,138.98,139.38,13.88110493,4.139848,3.595552,1
1832.701656,5008.292736,1914.399287,DDH-117,0.82,334.11009384,39.07482321,0,139.38,140.2,15.930012,2.6664,3.985652,1
1832.46098,5008.788606,1913.951752,DDH-117,0.6,334.10998952,39.07442601,0,140.2,140.8,24.38167786,2.062352,3.089528,1
1832.223695,5009.277496,1913.510523,DDH-117,0.8,334.11049285,39.07409842,0,140.8,141.6,23.14913941,1.543972,1.83446,1
1831.979635,5009.780359,1913.05669,DDH-117,0.64,334.11101055,39.07376147,0,141.6,142.24,19.49599475,1.847564,1.923384,1
1831.799982,5010.150524,1912.722621,DDH-117,0.42,334.11139164,39.07351344,0,142.24,142.66,11.48811251,3.313396,4.920256,1
1831.599992,5010.562598,1912.350735,DDH-117,0.76,334.11181586,39.07323733,0,142.66,143.42,13.96515834,1.83698,2.36978,1
1792.454817,4970.315311,1883.668089,DDH-118,0.45,302.31063609,50.96460826,0,157.1,157.55,1.176,0.13328,0.04704,1
1792.175403,4970.491871,1883.260194,DDH-118,0.6,302.26665312,50.99868467,0,157.55,158.15,15.12343885,4.688248,5.615508,1
1791.93596,4970.642936,1882.910412,DDH-118,0.3,302.22890221,51.0278797,0,158.15,158.45,16.62197131,1.245508,0.151696,1
1791.755081,4970.756906,1882.646036,DDH-118,0.38,302.20034791,51.04992996,0,158.45,158.83,0.47922,0.059904,0.007988,1
1791.409362,4970.97439,1882.140379,DDH-118,0.92,302.14568351,51.09206516,0,158.83,159.75,13.59979722,3.052588,3.266112,1
1791.085013,4971.178011,1881.665562,DDH-118,0.3,302.094293,51.13158374,0,159.75,160.05,0.23808,0.051588,0.007936,1
1790.819227,4971.344638,1881.276208,DDH-118,0.7,302.08018853,51.14927727,0,160.05,160.75,11.77160818,1.791104,0.214456,1
1790.433945,4971.586091,1880.711508,DDH-118,0.75,302.06990196,51.1696079,0,160.75,161.5,13.54396236,1.896824,0.464284,1
1790.022232,4971.844002,1880.107686,DDH-118,0.8,302.05889591,51.19133968,0,161.5,162.3,21.81636582,1.777604,0.246672,1
1789.597391,4972.110021,1879.484194,DDH-118,0.8,302.04752392,51.21377143,0,162.3,163.1,12.9209796,0.980472,0.52212,1
1789.247013,4972.329326,1878.969665,DDH-118,0.52,302.03813368,51.23227681,0,163.1,163.62,22.02878569,0.678644,0.467064,1
1788.875514,4972.561763,1878.423807,DDH-118,0.88,302.02816607,51.25190292,0,163.62,164.5,10.52782099,0.486636,0.0359,1
1788.456394,4972.823888,1877.807587,DDH-118,0.7,302.01690668,51.27405138,0,164.5,165.2,11.01291628,0.956556,0.123556,1
1763.810994,4986.019408,1920.468316,DDH-119,1,307.57306201,29.26640981,0,159,160,16.87506371,2.613104,2.769112,1
1763.119745,4986.551583,1919.979467,DDH-119,1,307.60644654,29.25398789,0,160,161,23.64724835,1.6501,0.520876,1
1762.428574,4987.084224,1919.491018,DDH-119,1,307.63178824,29.22314,0,161,162,16.54287105,1.384676,0.754188,1
1645.01624,4904.210777,1998.887268,DDH-120,0.94,345.89349867,0.89213495,0,247.81,248.75,0.96,0.110232,0.04,1
1833.346466,5082.190353,2258.532181,DDH-121,0.6,340.34408476,-4.36096545,0,383.25,383.85,12.45821589,2.217392,0.217392,1
1833.136894,5082.777255,2258.579602,DDH-121,0.65,340.35449759,-4.34191128,0,383.85,384.5,15.66015165,2.577228,0.072852,1
1772.321366,5058.16407,2269.551585,DDH-122,0.65,330.6558815,-7.57706823,0,386.6,387.25,0.006,0.067432,0.0016,1
1854.38104,5021.830701,1943.790142,DDH-123,0.95,181.43610137,23.86286288,0,160.35,161.3,13.31092846,1.485304,1.501192,1
1854.358744,5020.939513,1943.395316,DDH-123,1,181.43031799,23.91356694,0,161.3,162.3,13.78049534,1.331208,1.363092,1
1636.590032,4886.327279,1849.534033,DDH-124,0.3,344.95679252,0.16722749,0,530.5,530.8,0.23916,0.035872,0.011956,1
1945.277318,5150.547059,2311.06,DDH-125,1.55,160,0,0,7.55,9.1,1.5,0.793664,0.008,1
1792.785562,5083.824228,2316.8,DDH-126,0.2,296,0,0,16.95,17.15,2.16,4.850168,0.148,1
1792.583333,5083.922862,2316.8,DDH-126,0.25,296,0,0,17.15,17.4,0.96,0.35274,0.004,1
1792.322683,5084.049989,2316.8,DDH-126,0.33,296,0,0,17.4,17.73,5.58,3.130564,0.06,1
1966.64649,5153.920763,2317.28,DDH-127,1.15,170,0,0,27.45,28.6,2.46,0.35274,0.048,1
1979.345835,5155.386663,2317.28,DDH-128,0.57,160,0,0,34.73,35.3,0.66,1.543236,0.036,1
1825.614327,5101.439627,2316.81,DDH-129,0.3,320,0,0,0.45,0.75,2.22,0.308648,0.088,1
1920.943128,5108.682126,2252.28,DDH-130,1.52,355,0,0,38.1,39.62,13.7228,3.96832,0.484,1
1945.310884,5114.96365,2252.28,DDH-131,0.83,25,0,0,49.23,50.06,5.46,1.940068,0.228,1
1897.218514,5097.168486,2252.43,DDH-132,0.51,355,0,0,22.48,22.99,9.78,1.366864,0.512,1
1897.168835,5097.736317,2252.43,DDH-132,0.63,355,0,0,22.99,23.62,3.36,0.529108,0.136,1
1897.094753,5098.583083,2252.43,DDH-132,1.07,355,0,0,23.62,24.69,13.341456,2.160528,1.592,1
